CustomerName,RegisterTime,Email,Password,MobiNumber,IsLocked
Biron Look,2011-02-20 00:00:00.000,blook0@webnode.com,TExsOiicrIU,8998187971,1
Harrietta Mouton,2009-04-29 00:00:00.000,hmouton1@ebay.com,4nWJPUZNDeO,9772391528,1
Teirtza Boorn,2007-10-29 00:00:00.000,tboorn2@kickstarter.com,zaOmzxUPH,6549374517,1
Binky Koomar,2004-08-31 00:00:00.000,bkoomar3@reddit.com,T4lQMpP3s,5525699543,1
Graeme Ivakin,2021-08-07 00:00:00.000,givakin4@elegantthemes.com,nxib7NM,2908673979,0
Frankie Arcase,2009-04-11 00:00:00.000,farcase5@shareasale.com,YG72Mk9Td,2594296511,1
Nicola Cullinan,2007-05-02 00:00:00.000,ncullinan6@nature.com,1fIhKtC4,6477169897,1
Alta Colquyte,2002-10-01 00:00:00.000,acolquyte7@irs.gov,wUblKT,4123944063,1
Tuesday Coopman,2004-04-18 00:00:00.000,tcoopman8@smugmug.com,BZzyvV8,7161517751,1
Anne Benedict,2009-07-23 00:00:00.000,abenedict9@sfgate.com,flVSYw,2482348582,1
Antonetta Cropton,2006-10-17 00:00:00.000,acroptona@dion.ne.jp,xqUdebvOIZl,6667617584,1
Bride Lanfranconi,2002-08-17 00:00:00.000,blanfranconib@posterous.com,tIWYpDg2,2094320270,1
Shirl Dudson,2016-11-27 00:00:00.000,sdudsonc@paginegialle.it,i0AAEMa,2025210027,1
Zarah Josskoviz,2014-08-14 00:00:00.000,zjosskovizd@ovh.net,0YFZP8a,5078951142,1
Kania Tabner,2008-08-11 00:00:00.000,ktabnere@accuweather.com,JRW8t9RyuyT,8452683194,1
Urbanus Chatto,2002-02-16 00:00:00.000,uchattof@spiegel.de,asX0oD,7323894232,1
Amargo O'Finan,2019-01-14 00:00:00.000,aofinang@woothemes.com,1JdWsBEvOtHg,4847919471,1
Daniella O'Hanley,2009-05-27 00:00:00.000,dohanleyh@oracle.com,tI4OFwDDveZ,5086207046,1
Anselma Hoodspeth,2019-07-12 00:00:00.000,ahoodspethi@wisc.edu,jFtSIkmyLmh,5008994963,1
Farica Heibel,2014-12-25 00:00:00.000,fheibelj@npr.org,w9TiI5GE,4468771930,1
Wilfrid Pocklington,2014-08-01 00:00:00.000,wpocklingtonk@dedecms.com,8TYW9iobX,8539857355,1
Laverna Twopenny,2007-10-09 00:00:00.000,ltwopennyl@house.gov,7IHU8nfYy,1085565470,1
Massimiliano Dunford,2007-06-06 00:00:00.000,mdunfordm@shop-pro.jp,jroX98Oi4,4824546435,1
De De Vuyst,2014-06-18 00:00:00.000,dden@yale.edu,9vFBto,3481402505,1
Yanaton Jurisic,2002-12-07 00:00:00.000,yjurisico@washingtonpost.com,ax0yxcomts6,4602572408,1
Ashbey Kearle,2011-07-14 00:00:00.000,akearlep@fc2.com,PFfyaT,8201053264,1
Elvin Pennyman,2008-12-12 00:00:00.000,epennymanq@elpais.com,HeqRZy2f2AKL,4174864459,1
Nicol Corre,2012-01-01 00:00:00.000,ncorrer@wunderground.com,icbckdTLUuMY,3594532733,1
Pauli Reiners,2002-04-03 00:00:00.000,preinerss@howstuffworks.com,0ft5rkbry,7266768203,1
Tiffi Criag,2014-12-16 00:00:00.000,tcriagt@reverbnation.com,3hh1BR7Z,2187654673,1
Estel Mart,2018-11-23 00:00:00.000,emartu@t-online.de,kABvEc9iNmb,6728328098,1
Ferdinanda Mayow,2013-09-25 00:00:00.000,fmayowv@mysql.com,Fq3dVamD,4592672330,1
Powell Yanshinov,2004-03-28 00:00:00.000,pyanshinovw@uol.com.br,yUwBvXSw,8915750552,1
Mathe Hunnywell,2017-10-27 00:00:00.000,mhunnywellx@nhs.uk,szPKEUVlkx,7197634175,1
Nicholle Felce,2021-04-02 00:00:00.000,nfelcey@google.es,6Z1ZuqgoG,8998501474,0
Giustina Budnik,2014-06-17 00:00:00.000,gbudnikz@freewebs.com,UcY7XCb8,9891746963,1
Cacilie Gooch,2012-11-28 00:00:00.000,cgooch10@unblog.fr,l77uMwsQ,1931389981,1
Tam Redon,2017-07-15 00:00:00.000,tredon11@examiner.com,nsC4rfDu,6866394503,1
Melisandra Rooms,2005-06-03 00:00:00.000,mrooms12@1und1.de,V2TsN8,5169346831,1
Ash Fleet,2012-03-05 00:00:00.000,afleet13@japanpost.jp,WbY8QET4H7,8317799738,1
Linus Ellington,2018-12-05 00:00:00.000,lellington14@surveymonkey.com,BFlqqgVbzdy,2034262374,1
Mel Gors,2007-08-10 00:00:00.000,mgors15@devhub.com,zXmGJvKl,1891316753,1
Kaylyn Calcutt,2012-12-18 00:00:00.000,kcalcutt16@theglobeandmail.com,VWCBDuzrwry,3008167702,1
Devon Vossgen,2009-12-06 00:00:00.000,dvossgen17@tuttocitta.it,fT3mzxAkj,1106267662,1
Roda McMurraya,2006-01-06 00:00:00.000,rmcmurraya18@dailymail.co.uk,BII9c73pO3,7119968048,1
Rubia Bentham,2003-08-08 00:00:00.000,rbentham19@360.cn,q4xZdH0,1667492775,1
Bernie Bohills,2015-03-09 00:00:00.000,bbohills1a@cmu.edu,8DyoGIP,8623208139,1
Cristine Mackness,2020-06-09 00:00:00.000,cmackness1b@census.gov,my4bC2,1167802771,1
Aviva Prangle,2003-06-22 00:00:00.000,aprangle1c@tripod.com,PJHSHod4yh,2703072903,1
Solomon Ricardet,2005-10-06 00:00:00.000,sricardet1d@craigslist.org,MKtbTNYG0,5818801029,1
Harmonie Skipsey,2014-01-26 00:00:00.000,hskipsey1e@uol.com.br,avmSNeohnJR,3177775030,1
Darelle Poile,2002-06-25 00:00:00.000,dpoile1f@patch.com,C5QzqsP1,4081735840,1
Corena Klemt,2001-06-23 00:00:00.000,cklemt1g@umn.edu,mOJjzgXK1,3567209740,1
Nadine Warfield,2017-05-20 00:00:00.000,nwarfield1h@miitbeian.gov.cn,Vj2RRy,9573795306,1
Delaney Churn,2010-11-18 00:00:00.000,dchurn1i@gov.uk,U8Yua9gYNnl,6434432417,1
Giuditta Garett,2008-07-06 00:00:00.000,ggarett1j@dailymail.co.uk,HXjHFPuBZRI,5476382019,1
Daron Tingey,2001-03-11 00:00:00.000,dtingey1k@google.co.jp,OvN9GYGpnm,9298085234,1
Faber Bockmaster,2006-07-03 00:00:00.000,fbockmaster1l@trellian.com,tDDsoksqmCi,7117384711,1
Ephrem Tallach,2015-09-16 00:00:00.000,etallach1m@naver.com,NWsJiTtI,8242540607,1
Addia McRobbie,2012-08-31 00:00:00.000,amcrobbie1n@icq.com,47NpZt,5869615742,1
Gabriele Battaille,2017-07-31 00:00:00.000,gbattaille1o@google.es,WJmlVi,5882838058,1
Con Heinig,2002-04-10 00:00:00.000,cheinig1p@discuz.net,Br130dmMM4X,7592894844,1
Margaretha Scrogges,2011-08-12 00:00:00.000,mscrogges1q@pinterest.com,2fxccH,2144743589,1
Tyne Chatburn,2021-04-08 00:00:00.000,tchatburn1r@tamu.edu,rECXrnr,6088194599,1
Loreen Moland,2020-10-27 00:00:00.000,lmoland1s@xrea.com,Up6cJut5,4724353918,1
Aylmer Lammenga,2001-04-24 00:00:00.000,alammenga1t@eventbrite.com,f0mn5A,4661057353,1
Roslyn Lowater,2019-12-26 00:00:00.000,rlowater1u@linkedin.com,TdpjyWUd,7425894763,1
Everett Chatt,2012-06-04 00:00:00.000,echatt1v@ning.com,mpJetMN,7498671839,1
Kelila Covington,2001-08-31 00:00:00.000,kcovington1w@storify.com,Fxrm3RxMN,2584186311,1
Mimi Pugh,2015-07-11 00:00:00.000,mpugh1x@wikipedia.org,vlVWArjtc1,5436144463,1
Sheilakathryn Gantlett,2006-09-06 00:00:00.000,sgantlett1y@yahoo.co.jp,rU1kuw5ba,7087955085,1
Winfield Kegg,2014-03-16 00:00:00.000,wkegg1z@bravesites.com,Vny6UC,9183763076,1
Ardene Dictus,2020-08-13 00:00:00.000,adictus20@discovery.com,OARa6VTjlysA,1447395883,1
Ariel Archambault,2019-03-30 00:00:00.000,aarchambault21@boston.com,6T9HqCmQ,3084285024,1
Zaneta Petasch,2004-04-05 00:00:00.000,zpetasch22@so-net.ne.jp,5q6ccH2iK,4521035603,1
Elana Hurren,2002-04-21 00:00:00.000,ehurren23@360.cn,fNA2TIIrL3b,2556686205,1
Iggie Bosma,2013-03-13 00:00:00.000,ibosma24@flavors.me,7zpzLwx,8988493193,1
Doretta MacShane,2014-12-04 00:00:00.000,dmacshane25@weather.com,0RP5qLm,5607569778,1
Guillemette Marconi,2017-03-15 00:00:00.000,gmarconi26@amazon.de,3eJFD3T,6446948785,1
Clerkclaude Mateus,2020-08-28 00:00:00.000,cmateus27@hexun.com,jTxSLVo,4542383012,1
Alfred Ibbison,2006-02-07 00:00:00.000,aibbison28@goo.gl,x6ic7WY,5152946292,1
Dalli Cuxson,2009-03-22 00:00:00.000,dcuxson29@over-blog.com,CjP3T2a4Jr,6676913508,1
Denni Brandrick,2008-06-30 00:00:00.000,dbrandrick2a@drupal.org,Oy39aOyBedO,8718090458,1
Lindy Spyer,2006-07-05 00:00:00.000,lspyer2b@clickbank.net,9jEDFnfS,6656897104,1
Bernice Gillice,2009-06-18 00:00:00.000,bgillice2c@phpbb.com,J1fvGma,5888742622,1
Prudence Loisi,2002-01-07 00:00:00.000,ploisi2d@taobao.com,GqyjbGgMgpD,5192145487,1
Zolly Delaney,2018-03-12 00:00:00.000,zdelaney2e@nature.com,aeoFJISYo,8333555691,1
Christa Didsbury,2005-07-07 00:00:00.000,cdidsbury2f@csmonitor.com,GLFb28AQaK,9497969288,1
Jonie Salomon,2019-01-02 00:00:00.000,jsalomon2g@ow.ly,YHNTpND,6837416028,1
Gabey Heinemann,2020-07-02 00:00:00.000,gheinemann2h@symantec.com,fNSQ43A,1031013070,1
Francesco Chantree,2008-07-26 00:00:00.000,fchantree2i@wisc.edu,eCDMG9s,3548555715,1
Bret Opfer,2015-10-14 00:00:00.000,bopfer2j@gizmodo.com,hWCFXIhzv,6955830965,1
Selby Woodhead,2009-09-23 00:00:00.000,swoodhead2k@1und1.de,RV6HXIc3yqa,5242515212,1
Reade McMeekin,2002-01-20 00:00:00.000,rmcmeekin2l@histats.com,QpUcOGG,8408115921,1
Arlee McMurdo,2009-07-05 00:00:00.000,amcmurdo2m@people.com.cn,zijp68TA,9327662578,1
Cristin Boylund,2021-09-17 00:00:00.000,cboylund2n@who.int,QiB1lafaxSv,2672615677,0
Jimmy Limon,2019-11-06 00:00:00.000,jlimon2o@canalblog.com,fH3yg7BaDzQ,2903094249,1
Jaymee Omar,2016-12-15 00:00:00.000,jomar2p@bandcamp.com,FsBUOIMkX,4518781203,1
Klement Wooff,2007-12-11 00:00:00.000,kwooff2q@toplist.cz,gtyziE,9224886362,1
Torr Vaggers,2018-11-04 00:00:00.000,tvaggers2r@soundcloud.com,NqvmCPbL,1649945385,1
Clemmie Dombrell,2017-04-12 00:00:00.000,cdombrell2s@php.net,GF496k,5106536033,1
Kahaleel Domerc,2001-03-19 00:00:00.000,kdomerc2t@friendfeed.com,AfITwf,1978210093,1
Corey De Benedictis,2000-12-09 00:00:00.000,cde2u@bloglines.com,mlTOA4,1456123663,1
Penni Pues,2015-09-02 00:00:00.000,ppues2v@mail.ru,ObU5YQ89tD,4782850982,1
Elana Diwell,2015-02-13 00:00:00.000,ediwell2w@1688.com,919YH62IOn,4194906915,1
Brian Hawford,2019-02-07 00:00:00.000,bhawford2x@cargocollective.com,RBvwiAv7p2M,6529928123,1
Denny Timblett,2002-02-22 00:00:00.000,dtimblett2y@mit.edu,5p0Czh,4001062194,1
Kean Beviss,2020-06-18 00:00:00.000,kbeviss2z@indiegogo.com,N9CNnEzXROW,3457653701,1
Hirsch Emmet,2012-07-25 00:00:00.000,hemmet30@de.vu,RkowMgLz,1484833032,1
Marc McLarnon,2017-04-14 00:00:00.000,mmclarnon31@sourceforge.net,5cUjpwEjQ5x,6759757540,1
Cher Hovert,2010-12-25 00:00:00.000,chovert32@cnet.com,I8mk7LjoT,1978958665,1
Mindy Campes,2004-12-31 00:00:00.000,mcampes33@bbb.org,jIlQwr6rlGZ,9439696600,1
Danielle Roast,2013-06-12 00:00:00.000,droast34@instagram.com,r7qXWR,3358440262,1
Gennifer Emmanuel,2014-06-21 00:00:00.000,gemmanuel35@yelp.com,xwijBdJp,3824762579,1
Blake Silcock,2020-11-05 00:00:00.000,bsilcock36@narod.ru,65uiA0dX1sM4,1834393260,1
Bennie Alexsandrovich,2007-04-21 00:00:00.000,balexsandrovich37@edublogs.org,RDv9IqouNGjZ,1493155712,1
Verene Garry,2020-12-03 00:00:00.000,vgarry38@wunderground.com,7CQpvJa0W,2199986252,1
Cordey Thurske,2020-02-20 00:00:00.000,cthurske39@blogspot.com,psQj7LyVQTa,3186756495,1
Nial Crockett,2006-09-21 00:00:00.000,ncrockett3a@hubpages.com,dQuHT5WSfLWv,9986043753,1
Sander Menichino,2011-08-07 00:00:00.000,smenichino3b@reddit.com,oBSfd1,5564546601,1
Kearney Hefford,2005-04-22 00:00:00.000,khefford3c@bizjournals.com,jSz0wVeYMcxG,7948891208,1
Lizabeth de Courcey,2013-01-28 00:00:00.000,lde3d@ca.gov,xhNH8S1eny,3235937873,1
Pauly Drewet,2009-12-16 00:00:00.000,pdrewet3e@i2i.jp,CqIRh2Bng,9162407122,1
Marie-jeanne Matherson,2002-04-24 00:00:00.000,mmatherson3f@berkeley.edu,0VusP1GJhRUN,7617384605,1
Sherri Roskelley,2016-12-13 00:00:00.000,sroskelley3g@dagondesign.com,cZvXLCoKoa2p,7272124200,1
Pavlov Antoniazzi,2008-09-03 00:00:00.000,pantoniazzi3h@networkadvertising.org,JgstS4PF,2848102638,1
Blanch Roke,2016-03-17 00:00:00.000,broke3i@nsw.gov.au,RFBpVJCG,8739439751,1
Gaye Ben,2021-10-20 00:00:00.000,gben3j@chron.com,OCBHMdklDG,9964987049,0
Gerry Tenbrug,2011-01-10 00:00:00.000,gtenbrug3k@prweb.com,6fauZGn8,8453211723,1
Dewain Learoid,2000-10-07 00:00:00.000,dlearoid3l@marketwatch.com,gU7ilA2V8,9521849020,1
Susana Twiggins,2013-12-11 00:00:00.000,stwiggins3m@bbc.co.uk,DCKiVuxNDvKf,2408493728,1
Holt Ottee,2005-03-02 00:00:00.000,hottee3n@intel.com,WQ7cPE6D,3317636031,1
Wheeler Howsin,2017-06-08 00:00:00.000,whowsin3o@ibm.com,Ux70UqviS5,5724534802,1
Shermy Baccus,2009-05-08 00:00:00.000,sbaccus3p@youtu.be,07g13EoXSb,4186587392,1
Diandra Jonuzi,2009-05-27 00:00:00.000,djonuzi3q@posterous.com,nWvx73R,9691649434,1
Neddie Screach,2006-03-17 00:00:00.000,nscreach3r@baidu.com,oQFSEI,1262685303,1
Christoforo Dutnall,2007-08-04 00:00:00.000,cdutnall3s@hp.com,vbmGLeIibw,1275496639,1
Ardisj Capron,2010-01-08 00:00:00.000,acapron3t@wired.com,uoxB00JwLf,1678419703,1
Letty Cornels,2014-09-15 00:00:00.000,lcornels3u@fotki.com,LdotZXFpUGU,4698419260,1
Thaddus Verrell,2013-02-24 00:00:00.000,tverrell3v@bbc.co.uk,EADPqW,5074310701,1
Theodor Heather,2004-03-09 00:00:00.000,theather3w@nationalgeographic.com,ZlrkVdQmZYlh,6025167323,1
Abigael Licari,2013-08-30 00:00:00.000,alicari3x@soundcloud.com,1FOAWRdltJlM,6282361723,1
Morena Alastair,2013-08-15 00:00:00.000,malastair3y@gmpg.org,06tR53bj9m,7001388426,1
Jaymie Cropp,2001-09-11 00:00:00.000,jcropp3z@fastcompany.com,ALMBVssr,6662528168,1
Wynn Late,2009-09-26 00:00:00.000,wlate40@etsy.com,3D2KPbu,2216660247,1
Towney Pennone,2008-11-05 00:00:00.000,tpennone41@webmd.com,5FsLVeWX,9104714075,1
Lenee Cobley,2007-11-18 00:00:00.000,lcobley42@t-online.de,AzRQgeLYv,1965373942,1
Gar Sutherel,2010-05-07 00:00:00.000,gsutherel43@wired.com,OdEKdr3r,3036577949,1
Emiline Tyas,2004-08-25 00:00:00.000,etyas44@yahoo.co.jp,C4fB1CGq4,6093432592,1
Halette Bocock,2012-09-23 00:00:00.000,hbocock45@nih.gov,yfseSzEW4H,6875006749,1
Salvador Mielnik,2016-01-17 00:00:00.000,smielnik46@purevolume.com,eBCn2P,1739358249,1
Franz Halley,2015-07-16 00:00:00.000,fhalley47@apple.com,J1PEIYoF,8337668556,1
Ally Keinrat,2016-03-10 00:00:00.000,akeinrat48@theguardian.com,GKndpmNJGoW,2657133156,1
Cam Corkett,2012-05-12 00:00:00.000,ccorkett49@e-recht24.de,jPYPoWNI9F,5709003236,1
Herrick Gosden,2002-01-10 00:00:00.000,hgosden4a@hibu.com,ptAzG2,7619541893,1
Sallyanne Sommerville,2002-02-08 00:00:00.000,ssommerville4b@mapquest.com,V3y8ePtS,7543531227,1
Saxe Elt,2007-12-12 00:00:00.000,selt4c@berkeley.edu,q6zJrk,3395693226,1
Darda Gaukroger,2014-10-18 00:00:00.000,dgaukroger4d@ocn.ne.jp,8AGGspwdST4Q,8632831892,1
Angelica Marcham,2018-09-20 00:00:00.000,amarcham4e@jiathis.com,JJnlbSpyhBX,2227903991,1
Kelby Storek,2014-09-02 00:00:00.000,kstorek4f@nps.gov,5wK4QVj,8801708099,1
Val Stainton - Skinn,2020-06-01 00:00:00.000,vstainton4g@webeden.co.uk,vkeSpBz1DwKs,1153823249,1
Allyce Russo,2014-01-02 00:00:00.000,arusso4h@hao123.com,Ee3VvoVR,3719842477,1
Michael Benez,2003-06-22 00:00:00.000,mbenez4i@paypal.com,XdAccgzU7R7,4071924912,1
Jemmy Quig,2001-09-03 00:00:00.000,jquig4j@japanpost.jp,LSjvbbD,4755935356,1
Zorina Artrick,2004-04-27 00:00:00.000,zartrick4k@themeforest.net,39PwMlP8,6068936897,1
Willi Overton,2020-05-02 00:00:00.000,woverton4l@phoca.cz,leij10YfK,7106081700,1
Vincent Durward,2007-06-16 00:00:00.000,vdurward4m@dmoz.org,kAG0hnd633ap,9945960875,1
Parry Penrice,2001-01-02 00:00:00.000,ppenrice4n@answers.com,cUDVtM,2358934453,1
Flo Beetham,2012-01-28 00:00:00.000,fbeetham4o@un.org,o8BRzQ,5585938292,1
Norean Alred,2012-03-01 00:00:00.000,nalred4p@nyu.edu,3DAbPN7k7BIc,2764668854,1
Wash Phinnessy,2007-04-02 00:00:00.000,wphinnessy4q@newyorker.com,8Q6kQnq,1403392431,1
Sol Fere,2000-11-22 00:00:00.000,sfere4r@goodreads.com,7Ruve3vLGgC,4748040620,1
Orson Curwood,2003-04-08 00:00:00.000,ocurwood4s@ft.com,5Cu6l4WjyS7,2813658003,1
Sephira Temlett,2015-11-04 00:00:00.000,stemlett4t@ebay.co.uk,37ad5qLQMUX6,6128465844,1
Che Bickley,2010-12-25 00:00:00.000,cbickley4u@google.ru,7mMDJbjp,1202734766,1
Hedi Cremins,2011-05-27 00:00:00.000,hcremins4v@mapy.cz,u97U57njNO,6524971816,1
Elyn De Andisie,2017-11-30 00:00:00.000,ede4w@apache.org,lgTAEoMGre,3244723463,1
Virginie Presman,2006-10-27 00:00:00.000,vpresman4x@huffingtonpost.com,vx3dm3Z3z3Sa,6199916809,1
Jeana Tripet,2010-03-21 00:00:00.000,jtripet4y@timesonline.co.uk,wJIfrCNPj,4522232664,1
Ansell Heisler,2014-02-05 00:00:00.000,aheisler4z@sciencedaily.com,43xu03p64okF,3175202607,1
Martha Deaconson,2020-11-22 00:00:00.000,mdeaconson50@narod.ru,VWCwZEMalF2,4336880749,1
Garry Eggins,2011-07-29 00:00:00.000,geggins51@gmpg.org,PjZDU9FS,1089888827,1
Law Scholtz,2020-04-07 00:00:00.000,lscholtz52@msn.com,Rktx7lMrModV,2483387506,1
Bren Nance,2013-01-13 00:00:00.000,bnance53@youtube.com,jIUkvP,1166184594,1
Nananne Weekly,2016-12-27 00:00:00.000,nweekly54@macromedia.com,riKsTVh,7175339859,1
Mela Malone,2013-11-24 00:00:00.000,mmalone55@psu.edu,atGrRj,4708502249,1
Thurston Frissell,2008-07-11 00:00:00.000,tfrissell56@gravatar.com,wO790dNaT,4224210967,1
Joela Bonsey,2005-05-21 00:00:00.000,jbonsey57@weather.com,4tombz7BN,8948302766,1
Edgar O'Cullinane,2009-07-02 00:00:00.000,eocullinane58@simplemachines.org,ANJll3XXl,7653344366,1
Marius Betty,2014-07-18 00:00:00.000,mbetty59@trellian.com,o90pBoNb,8205073990,1
Casper Woodhams,2009-08-08 00:00:00.000,cwoodhams5a@google.ru,M1n0PJfGt,2134142106,1
Jackie Benkhe,2003-01-30 00:00:00.000,jbenkhe5b@networksolutions.com,gD0OsE0kNC,4237141497,1
Deloria Everil,2011-05-25 00:00:00.000,deveril5c@deliciousdays.com,5OYRkBFES,8221658587,1
Katinka Innwood,2019-11-04 00:00:00.000,kinnwood5d@1und1.de,QyzsHBkFfvr,9186519278,1
Maxwell Lethieulier,2004-03-20 00:00:00.000,mlethieulier5e@paginegialle.it,IV8rFAj,9894164379,1
Georgeanna Kullmann,2014-11-17 00:00:00.000,gkullmann5f@cpanel.net,KvAXYDMC9gK,8102811596,1
Gabbie Stallibrass,2013-10-04 00:00:00.000,gstallibrass5g@last.fm,iQGk1h,4457918144,1
Mei Diable,2012-12-20 00:00:00.000,mdiable5h@instagram.com,aE8YuWBU8uMA,6092473429,1
Viviyan Petera,2002-02-08 00:00:00.000,vpetera5i@phoca.cz,wk5xgQyS2cOb,8703499010,1
Willey Cavanagh,2015-12-22 00:00:00.000,wcavanagh5j@cpanel.net,nC59FA96Iv,8445808875,1
Madel Largen,2016-08-24 00:00:00.000,mlargen5k@cyberchimps.com,vDokxxARiFIf,9343609609,1
Bernardo Sherewood,2011-02-07 00:00:00.000,bsherewood5l@amazon.co.uk,84TyKVjeUsBz,6587550144,1
Hurlee Dineen,2002-01-28 00:00:00.000,hdineen5m@cpanel.net,mV3N8PIyEMrk,3244659210,1
Ginnie Fibbitts,2001-11-07 00:00:00.000,gfibbitts5n@w3.org,eXhmr1,9809395677,1
Gardie Udy,2017-08-05 00:00:00.000,gudy5o@biglobe.ne.jp,b9g4EEN,2828706403,1
Linell Flemyng,2010-01-01 00:00:00.000,lflemyng5p@discovery.com,Ee52OIMG,9314743436,1
Alysa Skey,2013-08-20 00:00:00.000,askey5q@unesco.org,p0FZCSo2kCm2,5726243154,1
Obadiah Iorillo,2002-04-10 00:00:00.000,oiorillo5r@i2i.jp,9XBxeR1qptdL,5199105244,1
Neils Buncher,2015-01-05 00:00:00.000,nbuncher5s@moonfruit.com,h16yBV5O6,7685894345,1
Rinaldo Dougharty,2000-10-27 00:00:00.000,rdougharty5t@clickbank.net,Z5zh0oNwml,2148638455,1
Beilul Carnegy,2006-08-19 00:00:00.000,bcarnegy5u@microsoft.com,ynjjZsr0,7326105782,1
Caryl Huskinson,2003-07-03 00:00:00.000,chuskinson5v@ox.ac.uk,QebT6c,5755610631,1
Cedric Banner,2011-12-04 00:00:00.000,cbanner5w@blogger.com,g5aTxq,1951578245,1
Sam Ebi,2010-12-08 00:00:00.000,sebi5x@wikimedia.org,uagZJY,8757197102,1
Elijah Paybody,2009-03-25 00:00:00.000,epaybody5y@sciencedirect.com,NwOJScuB4,6084317638,1
Henrieta McCabe,2004-01-30 00:00:00.000,hmccabe5z@pbs.org,dkJDGO,2164427626,1
Ash Elcox,2007-03-02 00:00:00.000,aelcox60@infoseek.co.jp,TozPogK5yu,5834285721,1
Francene Vescovo,2010-02-07 00:00:00.000,fvescovo61@mlb.com,lm31Jpt1DVjm,8244076181,1
Lainey Hessle,2012-04-24 00:00:00.000,lhessle62@topsy.com,RacEh3lV5,2661938317,1
Edin Coyte,2013-05-10 00:00:00.000,ecoyte63@t.co,yvLgHd,7392892913,1
Lemmie Goodyear,2021-07-10 00:00:00.000,lgoodyear64@shutterfly.com,fgA3yopFuXA,2516885391,0
Bourke Cooksey,2020-07-14 00:00:00.000,bcooksey65@usda.gov,qmipBfW,1982489676,1
Emelia Lyddyard,2014-01-23 00:00:00.000,elyddyard66@census.gov,3nC7X42E1K,5878240755,1
Jillie Koppe,2021-07-09 00:00:00.000,jkoppe67@tamu.edu,FcAthXmY81,8838056379,1
Mahmoud felip,2012-10-25 00:00:00.000,mfelip68@yandex.ru,pcHFHi7T3tSU,3876106564,1
Mimi Mulbry,2014-08-20 00:00:00.000,mmulbry69@chron.com,cCz1Ep,8459660870,1
Dosi Rudland,2000-11-29 00:00:00.000,drudland6a@cdbaby.com,VxQQysGSh9,7302495428,1
Lenee Bartosiak,2018-07-10 00:00:00.000,lbartosiak6b@purevolume.com,O16assiTCe,7888852645,1
Devlin Le Leu,2018-03-08 00:00:00.000,dle6c@youku.com,nA8Civq,3098026352,1
Hollie Brigginshaw,2021-08-18 00:00:00.000,hbrigginshaw6d@nifty.com,6pCerfk,4151019353,0
Ev Swinburne,2015-09-26 00:00:00.000,eswinburne6e@engadget.com,nNL2oH2,5614172480,1
Theodora Earles,2017-12-18 00:00:00.000,tearles6f@bloomberg.com,ZsiNzC,1109502045,1
Allegra Salisbury,2017-02-25 00:00:00.000,asalisbury6g@deviantart.com,gaeUgEaYnD,8463857323,1
Cody Crouse,2021-07-16 00:00:00.000,ccrouse6h@virginia.edu,zbPRENbg,6764655958,0
Cherri Whitmell,2016-12-20 00:00:00.000,cwhitmell6i@bloomberg.com,8yOoNWn2oZgZ,2407857210,1
Valle Ferraron,2021-08-16 00:00:00.000,vferraron6j@imageshack.us,msZHOS,6951650846,0
Web Exley,2021-03-10 00:00:00.000,wexley6k@ifeng.com,y6VKU0CFSM,2622127690,1
Kennie Shilliday,2003-11-14 00:00:00.000,kshilliday6l@goo.ne.jp,4yRsLJbZ7j,4468445537,1
Thekla Blaszkiewicz,2019-02-10 00:00:00.000,tblaszkiewicz6m@tinypic.com,YANwG0Z5U,8637620799,1
Tobey Steinor,2020-04-04 00:00:00.000,tsteinor6n@vimeo.com,UF9jQL,5747419129,1
Shayne Ferrucci,2012-06-06 00:00:00.000,sferrucci6o@google.com,rxgsUPVnN,7232918519,1
Dagny Robilart,2006-12-12 00:00:00.000,drobilart6p@domainmarket.com,1udazTl,4627462890,1
Esta Bigrigg,2006-04-24 00:00:00.000,ebigrigg6q@mediafire.com,DYNlNLcd,2243635607,1
Ilyssa Janssens,2018-08-18 00:00:00.000,ijanssens6r@wsj.com,JkcXDNFOhskh,6263978517,1
Cal Stigers,2020-10-14 00:00:00.000,cstigers6s@facebook.com,IDZuoD,9538551635,1
Tobey Thunders,2011-09-11 00:00:00.000,tthunders6t@abc.net.au,9ADsvs,1628972338,1
Benjamen Gledhill,2017-08-09 00:00:00.000,bgledhill6u@nps.gov,Upn6yWSESMv,4838175939,1
Harwell Fourman,2012-10-03 00:00:00.000,hfourman6v@meetup.com,jbsrWGyO,7929316177,1
Vitia Hamsson,2001-12-04 00:00:00.000,vhamsson6w@biglobe.ne.jp,cURccJ4Srafv,3465718308,1
Kandy Worviell,2019-02-23 00:00:00.000,kworviell6x@princeton.edu,GzsCo0Vv06TO,8076031777,1
Avrit Saby,2007-06-17 00:00:00.000,asaby6y@angelfire.com,NVAekfmF,5177394733,1
Reyna Messent,2016-05-29 00:00:00.000,rmessent6z@yelp.com,PixPLI,3358316481,1
Millicent Birtchnell,2013-04-19 00:00:00.000,mbirtchnell70@booking.com,dMYFGOgkR,2861151458,1
Nissa Cannell,2021-06-01 00:00:00.000,ncannell71@thetimes.co.uk,uxtWiq887,7631870023,0
Karol McAughtry,2004-04-03 00:00:00.000,kmcaughtry72@squidoo.com,V0cCarcRSq,1599861932,1
Carlo Keener,2007-09-03 00:00:00.000,ckeener73@state.tx.us,J1JxS9pWgy,5306633734,1
Gretchen Mothersdale,2018-01-30 00:00:00.000,gmothersdale74@usatoday.com,f88lttST6fbl,9069378565,1
Robb Messenger,2006-01-25 00:00:00.000,rmessenger75@weebly.com,CWwaTsmrQmb6,2591318578,1
Chaim Ribey,2004-02-15 00:00:00.000,cribey76@state.tx.us,4wumgZRftw2e,6606387905,1
Chloette Decruse,2005-01-28 00:00:00.000,cdecruse77@ifeng.com,8p5LClud5Xuq,5765003354,1
Savina Wharin,2002-11-09 00:00:00.000,swharin78@foxnews.com,ROd2nzxHa1H,2802210219,1
Nata Durbann,2002-05-12 00:00:00.000,ndurbann79@nydailynews.com,CV4adUdP,3918367065,1
Leodora Shird,2020-11-04 00:00:00.000,lshird7a@princeton.edu,xZOKWgfArc7o,9537655229,1
Rita Kidney,2018-08-22 00:00:00.000,rkidney7b@army.mil,TWQpiiGn,1617454631,1
Stacy Bradberry,2003-08-08 00:00:00.000,sbradberry7c@slideshare.net,O5vU1Jnb,9016926264,1
Angus Spenclay,2002-01-19 00:00:00.000,aspenclay7d@soundcloud.com,UlTGME8v,3615082950,1
Lorettalorna Gingold,2006-01-18 00:00:00.000,lgingold7e@booking.com,XLh6GCNB8F,8051429354,1
Uri Artiss,2007-02-15 00:00:00.000,uartiss7f@fema.gov,ilaKSwZJ3sL,7834576024,1
Ralf Pattesall,2009-04-06 00:00:00.000,rpattesall7g@jiathis.com,c6tJFZUyIk1,2775211080,1
Val Lindenman,2009-07-11 00:00:00.000,vlindenman7h@scientificamerican.com,4NelmGG,3652309103,1
Norry Hydes,2020-04-13 00:00:00.000,nhydes7i@webeden.co.uk,r2zQdvltvTdo,3684006770,1
Karla Gyse,2015-05-23 00:00:00.000,kgyse7j@tinyurl.com,IFtVuDQVCys,4126596202,1
Salomi Willoughey,2005-06-13 00:00:00.000,swilloughey7k@de.vu,kCjvDBnk,3621678935,1
Phaidra Longshaw,2021-02-17 00:00:00.000,plongshaw7l@php.net,RWiviBt2,5242922459,1
Barbette Foulsham,2008-10-16 00:00:00.000,bfoulsham7m@disqus.com,xdvODl,8816697123,1
Sonya Gurrado,2006-10-30 00:00:00.000,sgurrado7n@smugmug.com,Pwcm2VQ,5697892489,1
Alikee Hubane,2020-12-22 00:00:00.000,ahubane7o@ask.com,ZiroiQ4NA6Bf,4662990334,0
Dene Jelly,2008-06-20 00:00:00.000,djelly7p@1und1.de,FhgkVAe8DgY1,9393505552,1
Udale Bauser,2010-03-13 00:00:00.000,ubauser7q@yellowbook.com,ABFWlCOw1Wrj,3934799627,1
Gerik Leile,2000-11-02 00:00:00.000,gleile7r@state.tx.us,iJvMavOjr1u,6368283766,1
Donnell MacTague,2003-08-25 00:00:00.000,dmactague7s@slideshare.net,N3GuS4SqLt,9218631532,1
Natalie De Cleyne,2015-10-07 00:00:00.000,nde7t@ezinearticles.com,pKL5rLLNpD,4142520048,1
Gabrielle Bunston,2006-09-26 00:00:00.000,gbunston7u@apache.org,xWBWLKxL6de,4922516796,1
Iolande Malinson,2014-02-12 00:00:00.000,imalinson7v@economist.com,28cNO1mb,2248617181,1
Carlynn Byfield,2009-03-16 00:00:00.000,cbyfield7w@businessweek.com,QxTA51kE4I,1621459051,1
Celka Behne,2016-12-24 00:00:00.000,cbehne7x@bbb.org,wgXLH7V,4328310536,1
Pauli Cranna,2006-05-12 00:00:00.000,pcranna7y@slideshare.net,6OtbJuUCZ4w,5778531312,1
Niki Sprouls,2017-12-13 00:00:00.000,nsprouls7z@artisteer.com,kmQNRF,8654946948,1
Thorsten Shiel,2003-06-20 00:00:00.000,tshiel80@pinterest.com,r83JRTT,5517431968,1
Moe Pochet,2013-01-23 00:00:00.000,mpochet81@ustream.tv,oo6PdKNt4Vlp,5059480375,1
Dyna Ledeker,2019-01-04 00:00:00.000,dledeker82@uol.com.br,qsHnRQZ,7109844973,1
Melonie Stonehouse,2005-09-30 00:00:00.000,mstonehouse83@yahoo.co.jp,Wp5HDmwpkP3r,8136318308,1
Myrta Wiggans,2002-11-24 00:00:00.000,mwiggans84@pen.io,CXaiW1ncu,4119732528,1
Mireielle Yarmouth,2004-06-19 00:00:00.000,myarmouth85@squarespace.com,Xbas4CLY7,7479828886,1
Joseito Omrod,2004-06-24 00:00:00.000,jomrod86@youku.com,SA1wyf,7926446448,1
Klarrisa Bramhall,2014-02-04 00:00:00.000,kbramhall87@yellowbook.com,FNbfsxAOGtJW,3626479227,1
Pammy Santry,2011-04-21 00:00:00.000,psantry88@ask.com,ThGlNBxW,7707705187,1
Susanna Dutson,2016-12-22 00:00:00.000,sdutson89@bbb.org,uToBr6pF3,4674497399,1
Leelah Appleby,2020-05-26 00:00:00.000,lappleby8a@dailymail.co.uk,vpJHF4D2ci,5797799575,1
Johannes Paxton,2016-02-01 00:00:00.000,jpaxton8b@prnewswire.com,cD1xPRD41x,2586016281,1
Clement Perri,2003-08-04 00:00:00.000,cperri8c@amazon.de,nuODd56UTp,5343626603,1
Chrysler Luis,2011-09-07 00:00:00.000,cluis8d@ebay.co.uk,SEp56LT,7143516638,1
Camille Hampstead,2011-03-31 00:00:00.000,champstead8e@comcast.net,SKl9UAIQ4eI,1098507324,1
Ruy Worland,2012-12-31 00:00:00.000,rworland8f@pagesperso-orange.fr,apYTQq5,3619652848,1
Nanine Killigrew,2011-06-27 00:00:00.000,nkilligrew8g@list-manage.com,xln4Cru1bR,4553396851,1
Kali Sowerbutts,2004-11-09 00:00:00.000,ksowerbutts8h@posterous.com,Up7DzKlr1RX,3766993310,1
Tymon Bresnen,2002-11-16 00:00:00.000,tbresnen8i@drupal.org,DnFu2MZOfU,2342733374,1
Jeffy Mottershaw,2008-07-23 00:00:00.000,jmottershaw8j@admin.ch,ijxzIF1vi,7386676100,1
Odille Minero,2014-05-23 00:00:00.000,ominero8k@ebay.com,KOmfdckb,8649010276,1
Hildegarde Trees,2001-10-22 00:00:00.000,htrees8l@wikimedia.org,VMd6R8o,2844875654,1
Avictor Pignon,2013-11-09 00:00:00.000,apignon8m@yelp.com,TjR5OmbW,5258201179,1
Emeline McDermid,2013-07-22 00:00:00.000,emcdermid8n@scientificamerican.com,JqDXrWucA,8398181873,1
Emmery Tomasi,2012-01-31 00:00:00.000,etomasi8o@wikispaces.com,7auz398,2159217177,1
Ferdie Upston,2006-12-05 00:00:00.000,fupston8p@i2i.jp,h5YtqX7sNePc,6073899175,1
Lucas Turgoose,2013-10-21 00:00:00.000,lturgoose8q@mashable.com,QLlpfUgX,4627038940,1
Silvia Gregon,2002-05-31 00:00:00.000,sgregon8r@alexa.com,XMHDUf,7004690657,1
Eddi Rollin,2012-11-15 00:00:00.000,erollin8s@wired.com,m0GPSw6fMk6z,8235698709,1
Farlee Ferras,2011-01-24 00:00:00.000,fferras8t@nyu.edu,anwKbmKP,6206554641,1
Clem Kiss,2002-05-29 00:00:00.000,ckiss8u@goodreads.com,x9a4d86K3kPy,9351070356,1
Berry Haythorn,2004-06-06 00:00:00.000,bhaythorn8v@feedburner.com,cWNLb71E4,8505484170,1
Emili Hasselby,2012-06-05 00:00:00.000,ehasselby8w@nsw.gov.au,MIL6pz,7052555625,1
Teressa McFarland,2001-12-19 00:00:00.000,tmcfarland8x@webnode.com,oJMDEa,9819618273,1
Michaeline Riditch,2004-10-24 00:00:00.000,mriditch8y@squarespace.com,iLTN3Y4,8481265875,1
Thea Kirsop,2018-01-31 00:00:00.000,tkirsop8z@umich.edu,M0iM3kVMiB,8465321606,1
Pascale Embury,2016-05-21 00:00:00.000,pembury90@webeden.co.uk,pZ1fOxW,6385971510,1
Vivian Moppett,2019-05-29 00:00:00.000,vmoppett91@jiathis.com,t7j8eEJZbA3,8236493633,1
Sherm Giriardelli,2010-04-05 00:00:00.000,sgiriardelli92@macromedia.com,l7A5QY6,7794482118,1
Thane Redler,2000-10-19 00:00:00.000,tredler93@sourceforge.net,QArORYUF3,8103781234,1
Clarke Gummow,2003-08-20 00:00:00.000,cgummow94@hibu.com,GGJB5o,6122187108,1
Lew Titterell,2020-07-24 00:00:00.000,ltitterell95@privacy.gov.au,DjccNWenzk,6173375345,1
Odelinda Vardon,2009-12-31 00:00:00.000,ovardon96@mlb.com,U1BtqTK,6028045042,1
Parke Closs,2001-06-18 00:00:00.000,pcloss97@msn.com,AkFzuyW,1111289081,1
Joana Hymus,2016-05-13 00:00:00.000,jhymus98@weebly.com,zHjegtb,4134611668,1
Claudie Radnage,2008-04-08 00:00:00.000,cradnage99@moonfruit.com,qLAyss,7235198822,1
Indira De la Barre,2015-08-14 00:00:00.000,ide9a@zimbio.com,NVMNWdWvAq,7237811442,1
Cris Gladdifh,2014-03-02 00:00:00.000,cgladdifh9b@soup.io,YHWpof3Tk,4275433899,1
Theodosia Hawes,2001-11-10 00:00:00.000,thawes9c@google.cn,mYUYd712dDgI,8757439144,1
Dianemarie Patrone,2015-01-04 00:00:00.000,dpatrone9d@163.com,9AMQ9ittql0,7841882704,1
Crichton Blackburn,2019-08-03 00:00:00.000,cblackburn9e@sciencedaily.com,HqnHPgnB,4908457125,1
Jacquenette Gundrey,2002-08-10 00:00:00.000,jgundrey9f@wordpress.com,3bq2sfyLK,8645119965,1
Anderson Chaim,2014-05-15 00:00:00.000,achaim9g@weebly.com,QV65peXgh2x,6267586852,1
Viv Kloser,2010-04-13 00:00:00.000,vkloser9h@guardian.co.uk,CV0Ckd4t,8651241863,1
Leila Semmence,2019-12-01 00:00:00.000,lsemmence9i@wired.com,eMWOuwoa,1618096445,1
Heywood Trembey,2013-12-29 00:00:00.000,htrembey9j@parallels.com,u96rnPM41Ge4,8516713708,1
Evelyn Cluet,2006-05-26 00:00:00.000,ecluet9k@nytimes.com,S5ExKfGdHH,6298771183,1
Walden Bwye,2014-05-21 00:00:00.000,wbwye9l@bravesites.com,baMy5ZD7C3CJ,7775073493,1
Flemming Baudassi,2004-06-17 00:00:00.000,fbaudassi9m@php.net,ocXqlG,3025841164,1
Heriberto Bullock,2016-02-27 00:00:00.000,hbullock9n@bbb.org,RvK3LVSw,9168575072,1
Everett Lovart,2006-05-23 00:00:00.000,elovart9o@bbc.co.uk,Hq8VOOcLTot,4854087575,1
Horatia Leale,2008-04-18 00:00:00.000,hleale9p@g.co,QB2zZZvze,3881754780,1
Parke Riglar,2003-09-15 00:00:00.000,priglar9q@newyorker.com,HKWvBsjQsR,8233316430,1
Sheilah Whales,2019-08-18 00:00:00.000,swhales9r@dailymotion.com,PtosEOP,7451408539,1
Vinson Capin,2000-11-07 00:00:00.000,vcapin9s@51.la,6hLRba5KkEv,9039359199,1
Tamarah Cordobes,2011-07-23 00:00:00.000,tcordobes9t@mysql.com,NiTBemtN,5174811495,1
Jo-anne Pods,2011-01-06 00:00:00.000,jpods9u@shutterfly.com,cLyFczZUA,5142193377,1
Dennie Dawley,2016-02-19 00:00:00.000,ddawley9v@stumbleupon.com,YpjfQGKL68a,3907753912,1
Cecil Jacquemard,2006-12-13 00:00:00.000,cjacquemard9w@ovh.net,Cjc8AdCydsL,9959087341,1
Cletis Eilhersen,2018-10-28 00:00:00.000,ceilhersen9x@jimdo.com,CeNocom8Wn,7324671233,1
Winny Gresch,2005-11-13 00:00:00.000,wgresch9y@ehow.com,RyXVWKz8LeD1,7378818825,1
Jonathon Rekes,2001-06-17 00:00:00.000,jrekes9z@salon.com,XJRDdchhdhM9,2612468290,1
Kerianne Boak,2020-06-25 00:00:00.000,kboaka0@wiley.com,C7g9kPVg9qD,2792328848,1
Wilhelmine Crambie,2007-12-12 00:00:00.000,wcrambiea1@eventbrite.com,XUQbCUYpnBq,8507193560,1
Roxanna Featherstone,2009-10-11 00:00:00.000,rfeatherstonea2@earthlink.net,ERzNgfO,2241835590,1
Bobbie Arnaudin,2001-12-30 00:00:00.000,barnaudina3@people.com.cn,xwWXgSY7G,1369065950,1
Odetta Sink,2017-03-19 00:00:00.000,osinka4@tamu.edu,f3tiBiGu,6778501269,1
Nani Pimer,2018-05-04 00:00:00.000,npimera5@slate.com,69J66C2gccxX,5923926325,1
Noella Wigan,2002-02-28 00:00:00.000,nwigana6@gravatar.com,dGpbRzTUe4bM,2102003101,1
Stepha Stanier,2003-10-06 00:00:00.000,sstaniera7@drupal.org,xLxfZyiTCy,2374731299,1
Bobbie Fyfield,2009-03-29 00:00:00.000,bfyfielda8@istockphoto.com,PexOaySK,7637771686,1
Selina Wimbridge,2008-01-05 00:00:00.000,swimbridgea9@samsung.com,wNt8dAVqP,8077198297,1
Helen Lind,2016-07-07 00:00:00.000,hlindaa@state.tx.us,MYeMQO0BZf7k,5395187078,1
Abdel Lardner,2021-03-13 00:00:00.000,alardnerab@yale.edu,NmsDBp3HV,9441256627,0
Malissia Godbald,2003-04-11 00:00:00.000,mgodbaldac@github.com,RyHgnteFSJL0,5151404808,1
Kirk Cawdron,2019-06-20 00:00:00.000,kcawdronad@amazon.de,zMn8iP1Q7P4,7447111579,1
Barny Heiden,2021-08-29 00:00:00.000,bheidenae@ted.com,PLFUzmDvz,8495926248,0
Ruthi Dyne,2016-10-24 00:00:00.000,rdyneaf@chron.com,hon91JjxU6BM,5948005876,1
Padgett Tezure,2018-06-23 00:00:00.000,ptezureag@ucoz.ru,NIjUS3USA,3561101319,1
Van Lowden,2019-10-11 00:00:00.000,vlowdenah@springer.com,cpSQQqw,5213559237,1
Stormy Magnar,2016-09-22 00:00:00.000,smagnarai@java.com,CsscWBc8e,2825599090,1
King O'Hartigan,2014-01-03 00:00:00.000,kohartiganaj@mayoclinic.com,LPWwY7Si,2118699753,1
Dale Laborde,2009-07-03 00:00:00.000,dlabordeak@homestead.com,u5Q1egxLU,5684791513,1
Glenn Hurford,2014-10-19 00:00:00.000,ghurfordal@mozilla.org,cF9rLxn6Y,6622231491,1
Eilis Morkham,2016-07-08 00:00:00.000,emorkhamam@lulu.com,LMSccDfURp6r,9386352992,1
Irvin Gerretsen,2010-11-13 00:00:00.000,igerretsenan@engadget.com,h1Mp9PGNFx,5788138354,1
Lotti Hake,2001-11-07 00:00:00.000,lhakeao@washington.edu,dEouRcbGVA,5096261154,1
Stefan Pumphreys,2007-04-27 00:00:00.000,spumphreysap@nhs.uk,rK9f0lNAp,2893636510,1
Mariel Redbourn,2004-07-25 00:00:00.000,mredbournaq@google.cn,5L10a2AkVFA4,8886852902,1
Chelsey Montilla,2014-06-01 00:00:00.000,cmontillaar@quantcast.com,P3GipNO64yyo,1503604884,1
Evangelin MacCarroll,2002-03-21 00:00:00.000,emaccarrollas@soundcloud.com,TXwakUg,3116155622,1
Ritchie Barnfield,2010-09-02 00:00:00.000,rbarnfieldat@chron.com,CepUKTLbJ,1478712167,1
Deni Arnau,2011-10-21 00:00:00.000,darnauau@hp.com,vEPar9k67f,7851368838,1
Robinett Chavrin,2008-12-25 00:00:00.000,rchavrinav@furl.net,u6IHte7PN,4707597654,1
Rudyard Fay,2016-08-01 00:00:00.000,rfayaw@nature.com,AGoHar,1008492363,1
Ainslie Litton,2016-09-23 00:00:00.000,alittonax@webs.com,3OXBVQ92UF,3574159114,1
Timmie Cutmore,2007-05-20 00:00:00.000,tcutmoreay@hugedomains.com,wKmsFzgDOBxt,5534151134,1
Hayley Halse,2004-11-29 00:00:00.000,hhalseaz@homestead.com,rrUM9snjR,6723346900,1
Staffard Limbourne,2005-09-27 00:00:00.000,slimbourneb0@discuz.net,vQf7RU,5231938027,1
Anthiathia Huleatt,2018-02-07 00:00:00.000,ahuleattb1@infoseek.co.jp,dLRVYz4eZF7,7488275023,1
Rochella Potzold,2006-03-18 00:00:00.000,rpotzoldb2@hibu.com,mTJNwRMxegz,5112141620,1
Brandais Cashin,2006-12-29 00:00:00.000,bcashinb3@infoseek.co.jp,OycbZqn,5744100507,1
Chris Lots,2002-03-03 00:00:00.000,clotsb4@de.vu,0yFwTVo,7739793597,1
Birk Bulfit,2014-05-05 00:00:00.000,bbulfitb5@examiner.com,AsjtDkZOum1i,9593712798,1
Keenan Armour,2016-10-29 00:00:00.000,karmourb6@ebay.com,aBCJrfRw,3946854224,1
Sherlock Dinsey,2015-11-15 00:00:00.000,sdinseyb7@virginia.edu,HeYVdo,4466326169,1
Alley Olohan,2019-05-31 00:00:00.000,aolohanb8@tripod.com,xyuOz5u,7893035448,1
Rickey Wemes,2014-09-21 00:00:00.000,rwemesb9@infoseek.co.jp,N9MKXaH7sfnJ,7583709240,1
Josias Itzhaki,2014-04-24 00:00:00.000,jitzhakiba@ask.com,i1mSLi1Ztw,4598957068,1
Patricio Hissett,2005-08-08 00:00:00.000,phissettbb@elegantthemes.com,ISVBkWHKun5,8083166808,1
Ileane Wingate,2010-03-10 00:00:00.000,iwingatebc@tinyurl.com,9VFmhodgC,2794671699,1
Sidonia Killeley,2005-03-16 00:00:00.000,skilleleybd@kickstarter.com,BTZImQ,8167755787,1
Raf Foale,2012-09-13 00:00:00.000,rfoalebe@nsw.gov.au,6YUkoq7n3Hlx,6323150997,1
Cindy Leathwood,2002-03-26 00:00:00.000,cleathwoodbf@businessinsider.com,2hGMk4PCB,7204986259,1
Royall Lammin,2001-02-01 00:00:00.000,rlamminbg@xing.com,sl7tdQDBrwLe,6017940149,1
Dorree Poston,2019-02-02 00:00:00.000,dpostonbh@pbs.org,0I125gStGboZ,8499904324,1
Jaimie Kither,2018-07-06 00:00:00.000,jkitherbi@people.com.cn,T0L8yk,8543344374,1
Rayshell Cana,2010-12-15 00:00:00.000,rcanabj@imageshack.us,PjJAap4p6,2219643970,1
Arni Penfold,2012-01-18 00:00:00.000,apenfoldbk@apple.com,1gMRA58O,9929962686,1
Gill Silvermann,2017-11-29 00:00:00.000,gsilvermannbl@hc360.com,Y76saC,5742601070,1
Chevy Tarborn,2005-08-29 00:00:00.000,ctarbornbm@prnewswire.com,9y8myXEER,1733716660,1
Osmund Gwinn,2007-07-17 00:00:00.000,ogwinnbn@feedburner.com,SlV9b7,3029843352,1
Wilbert Kiehl,2008-03-31 00:00:00.000,wkiehlbo@qq.com,Q43pzs1Fg0E,1062414955,1
Diannne Cornejo,2008-03-05 00:00:00.000,dcornejobp@shareasale.com,1l60O3oD,4961929388,1
Minnnie Casaroli,2001-01-09 00:00:00.000,mcasarolibq@infoseek.co.jp,c5rHrIULRGia,5428540370,1
Boy Crayke,2019-01-24 00:00:00.000,bcraykebr@economist.com,pdP9mS92,7362483111,1
Yasmin Sellner,2018-04-14 00:00:00.000,ysellnerbs@epa.gov,wilTaJg,6375544372,1
Alfie Garz,2001-05-02 00:00:00.000,agarzbt@cnet.com,v7ninshK,3993602508,1
Astrid Ohrt,2002-07-25 00:00:00.000,aohrtbu@nifty.com,Ggk2yUDB88,3862099565,1
Joycelin Short,2005-01-09 00:00:00.000,jshortbv@altervista.org,fTJiDQfyK8T,4802994351,1
Francesca Mettericke,2005-04-30 00:00:00.000,fmetterickebw@prnewswire.com,5f6VsEK5Z,4612110602,1
Bobbi Chasteau,2020-05-20 00:00:00.000,bchasteaubx@nature.com,UQvSh8ntl,6771732968,1
Coletta Finlry,2021-02-04 00:00:00.000,cfinlryby@arstechnica.com,0fG9KRZb7gg,6272545800,1
Merrilee Aiken,2002-08-27 00:00:00.000,maikenbz@ucoz.ru,TiTxM5L,7589053485,1
Conrado Liverseege,2010-08-06 00:00:00.000,cliverseegec0@deliciousdays.com,aEqzvR,6478498692,1
Douglass Kilbee,2001-02-26 00:00:00.000,dkilbeec1@intel.com,4kqsnEeL,3086952447,1
Lynnea Fidler,2007-03-27 00:00:00.000,lfidlerc2@samsung.com,rnH1hfMVMJ,4199221227,1
Elsy Fisby,2019-08-13 00:00:00.000,efisbyc3@tamu.edu,hpnlaRpe,7472442491,1
Trudy Peasby,2019-05-25 00:00:00.000,tpeasbyc4@blog.com,gKW5Dt2k9I8,9956077660,1
Ginny Gillaspy,2012-05-31 00:00:00.000,ggillaspyc5@moonfruit.com,TklSNWZvk,5571096249,1
Zora Chaucer,2006-09-21 00:00:00.000,zchaucerc6@tinypic.com,VnSgwuJTb,1052545207,1
Susann Headingham,2004-02-15 00:00:00.000,sheadinghamc7@scientificamerican.com,2Xfod2H,9913138143,1
Nerte Kment,2018-02-13 00:00:00.000,nkmentc8@ucoz.ru,trkL2X6,8016987097,1
Rosemary Beilby,2018-12-16 00:00:00.000,rbeilbyc9@redcross.org,PUSPJ5Q,8627291918,1
Joelynn Gethin,2007-05-13 00:00:00.000,jgethinca@gnu.org,DFH37htHoQ4j,5308856177,1
Michelina Suscens,2016-10-29 00:00:00.000,msuscenscb@yale.edu,4emeAcJ5oaF,6658304145,1
Myrle Blaksland,2010-03-25 00:00:00.000,mblakslandcc@businessweek.com,Nb9o8s5UZ8K,8532160750,1
Jaime Bridgwater,2001-01-18 00:00:00.000,jbridgwatercd@cdbaby.com,twVXQWKA,4914178669,1
Allegra Jerrard,2018-01-17 00:00:00.000,ajerrardce@forbes.com,yQYiCfL2Lg,5235598374,1
Tanya Yannoni,2004-05-08 00:00:00.000,tyannonicf@mtv.com,gq126gOA3n,5489382782,1
Frans Lilleycrop,2009-01-15 00:00:00.000,flilleycropcg@webnode.com,EacEBBUdN69,9129806016,1
Gerta Shapland,2012-05-28 00:00:00.000,gshaplandch@samsung.com,57mz4L1c6n,9842640358,1
Scotty Burkwood,2019-10-31 00:00:00.000,sburkwoodci@t-online.de,5IZhxEFkD70,9259848189,1
Eustacia Rugiero,2020-04-04 00:00:00.000,erugierocj@oakley.com,p1gYt2WRrIBW,3203572280,1
Harriett Spurgin,2021-04-14 00:00:00.000,hspurginck@domainmarket.com,E7xe3Ifv,4611151908,0
Olive Fouracres,2018-02-12 00:00:00.000,ofouracrescl@mysql.com,BTLBocOXr,8237753587,1
Louise Shiers,2013-09-27 00:00:00.000,lshierscm@hatena.ne.jp,3XCDRgbKw3,3603080039,1
Babbie Ciciotti,2001-08-13 00:00:00.000,bciciotticn@phoca.cz,OJ9qe6jIkmA,1108974061,1
Antonetta Erswell,2014-09-21 00:00:00.000,aerswellco@prlog.org,s1BgRyuiuM,5609206490,1
Lottie Orrick,2020-01-08 00:00:00.000,lorrickcp@gov.uk,ZimXRpK,1424527147,1
Tammie Sample,2017-11-30 00:00:00.000,tsamplecq@ebay.co.uk,jWxpxoY,5001144552,1
Jerrie Pithie,2012-08-28 00:00:00.000,jpithiecr@cbslocal.com,ojMO1MM1T,2584032208,1
Blondell Pedlar,2021-01-23 00:00:00.000,bpedlarcs@theatlantic.com,BYXKLvxtaYLX,2254561773,0
Padgett Huggin,2017-05-19 00:00:00.000,phugginct@vinaora.com,pRzSa7lxdY,5276745789,1
Derek Safont,2012-02-06 00:00:00.000,dsafontcu@bbc.co.uk,k3qg5Sn32nk,8159951812,1
Kippie Chasles,2015-01-20 00:00:00.000,kchaslescv@google.ca,sqLXWQQl4UTw,3806523918,1
Melonie Mauger,2004-03-31 00:00:00.000,mmaugercw@surveymonkey.com,fSkHdfgl,9259220514,1
Billi Yakuntsov,2015-09-08 00:00:00.000,byakuntsovcx@creativecommons.org,qUA1j6gTX,2373337216,1
Eleni Hawkswood,2010-09-11 00:00:00.000,ehawkswoodcy@wiley.com,jkz5TJq,4376979845,1
Eolande Whellams,2021-02-23 00:00:00.000,ewhellamscz@huffingtonpost.com,k5T7PYY6D,3505091744,1
Ronna Dickon,2003-06-06 00:00:00.000,rdickond0@nih.gov,fJkTKg4M,9995775162,1
Ursulina Barrell,2012-07-12 00:00:00.000,ubarrelld1@rambler.ru,1oKJYMNbt,3297825500,1
Corey Brunstan,2007-10-04 00:00:00.000,cbrunstand2@seattletimes.com,lVG84LN,1982377243,1
Mallory Killough,2008-02-02 00:00:00.000,mkilloughd3@cnn.com,n73ITtC,4409970939,1
Eleanora Ainsley,2021-04-09 00:00:00.000,eainsleyd4@hibu.com,teZnvAL0BK7,6874662541,1
Drona Godehard.sf,2011-08-27 00:00:00.000,dgodehardsfd5@1und1.de,jmgwGb,9661108448,1
Dyan Neads,2019-12-25 00:00:00.000,dneadsd6@mapy.cz,7xybU90,8548788764,1
Lorinda Newis,2020-02-16 00:00:00.000,lnewisd7@photobucket.com,kbe5ml,4643519883,1
Gusella Dimitru,2006-08-25 00:00:00.000,gdimitrud8@msu.edu,V1sYUGVl,3286607346,1
Halli Temlett,2021-02-21 00:00:00.000,htemlettd9@nature.com,ArSHWV0u,1573085247,0
Glennie Rodolphe,2014-01-14 00:00:00.000,grodolpheda@tripod.com,EdLHFj,4739467528,1
Cammie Garlick,2012-05-22 00:00:00.000,cgarlickdb@usnews.com,AhyyXESR,7573340336,1
Ana Osgar,2003-09-30 00:00:00.000,aosgardc@addthis.com,NAKlQuI7,9159691721,1
Sascha Barby,2021-10-10 00:00:00.000,sbarbydd@techcrunch.com,VZ7luBObo,7754978291,0
Issy MacIan,2017-01-30 00:00:00.000,imaciande@skype.com,VSPY1GWpmz,7717993425,1
Edi Hadwin,2001-02-09 00:00:00.000,ehadwindf@toplist.cz,ojW5yU4flC0,4155534008,1
Maura Thornewell,2011-02-21 00:00:00.000,mthornewelldg@eepurl.com,QSbjeOLxX,2312256916,1
Virgil Cruces,2008-09-10 00:00:00.000,vcrucesdh@discovery.com,byAPemm,3244483607,1
Lyda Garstan,2010-03-23 00:00:00.000,lgarstandi@cafepress.com,XcjLFboG,1572708970,1
Washington Eley,2009-01-05 00:00:00.000,weleydj@paypal.com,LYUlTyfM,8865814433,1
Cammy Lideard,2004-03-24 00:00:00.000,clidearddk@pen.io,X1Anwm7R68K,6328379300,1
Mina Breedy,2014-06-27 00:00:00.000,mbreedydl@yellowbook.com,DE016SnbR,2283156687,1
Gilda Keoghane,2008-12-22 00:00:00.000,gkeoghanedm@51.la,TTxm3okcilZ,9666015406,1
Lucias Trundle,2015-04-05 00:00:00.000,ltrundledn@google.it,c0Fd7EA,5592780701,1
Carolyn Pietrowicz,2007-01-10 00:00:00.000,cpietrowiczdo@w3.org,7DZlVo0A1,5758384949,1
Mannie Hayto,2019-05-17 00:00:00.000,mhaytodp@house.gov,0CVwHtrSjTJ,7762607305,1
Anne-corinne Ricco,2008-04-16 00:00:00.000,ariccodq@accuweather.com,2gm7BJS,3123932044,1
Bonita Deering,2020-12-26 00:00:00.000,bdeeringdr@lulu.com,0CVZp8FscYtX,2513428285,1
Zolly Burnet,2018-05-08 00:00:00.000,zburnetds@whitehouse.gov,p0oUAY8o4J5,1068870627,1
Gale Locarno,2013-11-23 00:00:00.000,glocarnodt@vimeo.com,Q8wF8N,4179655608,1
Glenna Kielty,2001-05-30 00:00:00.000,gkieltydu@google.co.uk,Z0wz0TFFq,2036981018,1
Cleon Manion,2004-02-04 00:00:00.000,cmaniondv@webmd.com,cNvwIQdxA,7732233515,1
Granny Harflete,2018-10-04 00:00:00.000,gharfletedw@wp.com,cm9akJTw,9971523682,1
Glendon Condit,2007-07-31 00:00:00.000,gconditdx@usda.gov,lBCrwd8,2631325194,1
Rainer Cullen,2011-08-08 00:00:00.000,rcullendy@bloglines.com,9V9v9rjj,3857266508,1
Krystle Antill,2002-04-14 00:00:00.000,kantilldz@boston.com,ZVaqCm,9816867985,1
Coraline Kliesl,2012-05-13 00:00:00.000,ckliesle0@springer.com,j4GCJX7ED0,5551304051,1
Cristy Gerger,2017-11-30 00:00:00.000,cgergere1@springer.com,1RwY1ECwpNk,3351089887,1
Ethelin Utting,2007-11-02 00:00:00.000,euttinge2@google.pl,CZ0lNP,5603626471,1
Andrus Rowter,2013-09-06 00:00:00.000,arowtere3@i2i.jp,4w5PIqVd,6148668711,1
Meredithe Esselen,2018-02-23 00:00:00.000,messelene4@mozilla.com,78zXTG,4608330784,1
Saul Barthelmes,2007-01-03 00:00:00.000,sbarthelmese5@dailymotion.com,uWcvhtWH,5888790964,1
Becka Hempel,2005-08-12 00:00:00.000,bhempele6@telegraph.co.uk,XaSJR1,4147230644,1
Claudine Dollin,2002-01-19 00:00:00.000,cdolline7@rambler.ru,RuwfzHHwdw,4959044782,1
Anallese Fryers,2019-04-11 00:00:00.000,afryerse8@jiathis.com,M1wR8Dj,7337019224,1
Katina Bettlestone,2015-01-31 00:00:00.000,kbettlestonee9@apple.com,VwUeplv,5752263840,1
Corina Hurleston,2018-01-31 00:00:00.000,churlestonea@domainmarket.com,c8ke7Iv7,3339980266,1
Edik Riggott,2007-08-16 00:00:00.000,eriggotteb@dell.com,mM8v8t,8205456308,1
Karel Gourdon,2014-09-03 00:00:00.000,kgourdonec@mapy.cz,i3qQs3,9803448664,1
Shana Duddin,2003-04-28 00:00:00.000,sduddined@tamu.edu,XLFyeOSMWU,7392734744,1
Hamel Whittier,2007-02-07 00:00:00.000,hwhittieree@zdnet.com,SFRBs4tZkWfw,2898271799,1
Dorice Soutar,2020-05-01 00:00:00.000,dsoutaref@gmpg.org,33vc0GCwM,9877548991,1
Truda Abramovicz,2004-05-23 00:00:00.000,tabramoviczeg@discovery.com,sUTXswic,8601725691,1
Mar Dodswell,2016-01-31 00:00:00.000,mdodswelleh@umich.edu,RKgwTbO,7145406809,1
Lian MacFadden,2018-03-23 00:00:00.000,lmacfaddenei@elpais.com,QLswH9DS,7458697337,1
Piper Broadway,2017-09-01 00:00:00.000,pbroadwayej@google.co.jp,6BWdYkrbaO,5506869137,1
Austine Kruse,2008-05-31 00:00:00.000,akruseek@cbsnews.com,hYUFayY4JBrZ,6345291425,1
Sibylle McNeilley,2006-03-06 00:00:00.000,smcneilleyel@arstechnica.com,zyasf0lKj,3837509579,1
Sydel Pickthorn,2010-09-08 00:00:00.000,spickthornem@vinaora.com,4c3ST3X1D3,6176396687,1
Loella Dunklee,2001-08-04 00:00:00.000,ldunkleeen@bigcartel.com,Xc3l8f8q,5674541492,1
Desiree Nana,2008-09-25 00:00:00.000,dnanaeo@theguardian.com,EI2vSxLk2zNP,9748438683,1
Juditha Bernardini,2010-07-19 00:00:00.000,jbernardiniep@deviantart.com,dhqYBzMo4Q9,2073173477,1
Gregg Goter,2015-12-19 00:00:00.000,ggotereq@squidoo.com,8zDBHFy4WN,5696996302,1
Earlie Golden of Ireland,2002-03-10 00:00:00.000,egoldener@themeforest.net,AsEFuhs,5074756048,1
Ritchie Ricciardiello,2020-05-07 00:00:00.000,rricciardielloes@soup.io,3rwAhKe,8825075180,1
Bradan Gawthrope,2018-03-12 00:00:00.000,bgawthropeet@scientificamerican.com,8TpyRZdk,7742645209,1
Neils Simkin,2021-05-11 00:00:00.000,nsimkineu@hostgator.com,NvFygYiIOvP,5123450674,0
Hilliard Perford,2003-09-12 00:00:00.000,hperfordev@surveymonkey.com,6UR0557sRNP,4157589438,1
Doralynn Keddey,2013-11-20 00:00:00.000,dkeddeyew@dedecms.com,kOvdlD,5132532764,1
Clem Mager,2014-12-02 00:00:00.000,cmagerex@zimbio.com,CMf1SLTK,8184222328,1
Rees Dzenisenka,2016-05-17 00:00:00.000,rdzenisenkaey@yahoo.com,GnDVztkX,8139650069,1
Tad Portlock,2016-12-31 00:00:00.000,tportlockez@mysql.com,YuMsLrJr,7681141615,1
Seana Haimes,2007-06-22 00:00:00.000,shaimesf0@google.com.au,RiVNA0H3T,4378405658,1
Orlan Orred,2004-09-09 00:00:00.000,oorredf1@army.mil,uB2W65qE3V,5119453024,1
Dion Hunnable,2013-01-01 00:00:00.000,dhunnablef2@merriam-webster.com,BhLkxG,1771087798,1
Tybalt Waldren,2011-07-09 00:00:00.000,twaldrenf3@quantcast.com,6JgAU05cayMN,7678064069,1
Dido Pearmine,2004-12-11 00:00:00.000,dpearminef4@npr.org,YjJn3Lyta,7981375597,1
Jewell Randalston,2007-10-12 00:00:00.000,jrandalstonf5@yelp.com,8n2SL6,6443870063,1
Calv Bothbie,2021-04-06 00:00:00.000,cbothbief6@pen.io,jlt0a8om,8434895284,1
Chiquita Plumm,2016-02-06 00:00:00.000,cplummf7@ucla.edu,ucdQMCOH8,2265610590,1
Vaclav Averill,2003-05-21 00:00:00.000,vaverillf8@wikimedia.org,CrjuxBKf,3723284563,1
Sam Miliffe,2011-02-18 00:00:00.000,smiliffef9@bravesites.com,FezZw4FqGco,3532147604,1
Jany Smye,2004-04-21 00:00:00.000,jsmyefa@alibaba.com,9CfQ47zc,9428254352,1
Jorgan Hearne,2018-05-04 00:00:00.000,jhearnefb@usda.gov,7vlJyc1,7206515316,1
Sonnie Dive,2004-08-17 00:00:00.000,sdivefc@artisteer.com,vyuXg1JnkjM,8348654664,1
Sutherland Piatto,2008-03-18 00:00:00.000,spiattofd@businessweek.com,yAIDLp1Fo,5094727219,1
Nada Brotherwood,2018-08-04 00:00:00.000,nbrotherwoodfe@csmonitor.com,cKQNBLr,5685324341,1
Saundra Bounds,2004-11-08 00:00:00.000,sboundsff@eepurl.com,RnH2rHzt,3298664261,1
Elwira Choke,2011-01-26 00:00:00.000,echokefg@pbs.org,eFZESI,4209282565,1
Ericka Wear,2020-12-11 00:00:00.000,ewearfh@sogou.com,Y8xWzlt3AfK,2233579728,1
Kiersten Twamley,2012-07-23 00:00:00.000,ktwamleyfi@ow.ly,3ARXCjtoy,3176511689,1
Sheffield Toseland,2014-01-21 00:00:00.000,stoselandfj@sohu.com,VwmRhHwhZ,7775015752,1
Oates Pendrigh,2015-04-07 00:00:00.000,opendrighfk@istockphoto.com,CtdUX8Y,8495649270,1
Temple Sambals,2002-03-03 00:00:00.000,tsambalsfl@goo.ne.jp,4fH0irVZYFg,4378166176,1
Gerti Swiffen,2010-06-30 00:00:00.000,gswiffenfm@irs.gov,EQZuL0s2nj,6381283674,1
Glory Podd,2018-03-20 00:00:00.000,gpoddfn@livejournal.com,9FUWHy,2117464427,1
Fionna Piens,2010-07-11 00:00:00.000,fpiensfo@unblog.fr,i16JGZHmgFC,7474913202,1
Jessie Sandham,2015-10-16 00:00:00.000,jsandhamfp@vistaprint.com,QhftAgao,6197524907,1
Caresse Scones,2006-11-08 00:00:00.000,csconesfq@so-net.ne.jp,lsEDEyIlgTi,3586360202,1
Leigh Spieck,2021-08-04 00:00:00.000,lspieckfr@oaic.gov.au,h1PSzcgH,7583600094,0
Jorry Paulino,2004-12-07 00:00:00.000,jpaulinofs@google.com.hk,oQ4aqCjF8bN,7967533673,1
Shalom Waterfield,2021-08-21 00:00:00.000,swaterfieldft@blogspot.com,aDjA3kPN,5594094699,1
Carlee Waycot,2019-09-18 00:00:00.000,cwaycotfu@cyberchimps.com,WQ119YvV22z,7917205368,1
Lee Yalden,2014-10-12 00:00:00.000,lyaldenfv@1688.com,sx8EUKnb,7173456688,1
Ingra Foulsham,2006-03-12 00:00:00.000,ifoulshamfw@ifeng.com,lBS7sd05j0LF,4857605275,1
Carr Gorst,2006-08-31 00:00:00.000,cgorstfx@rambler.ru,PZ3lwDf,2182679684,1
Scotty Lumby,2001-08-04 00:00:00.000,slumbyfy@youtu.be,Yo5HGQtyArN,7427061280,1
Adena Sammonds,2005-02-19 00:00:00.000,asammondsfz@edublogs.org,WDia9D,5509255880,1
Hi Leafe,2013-05-07 00:00:00.000,hleafeg0@macromedia.com,3Q9Osaj8,6251216392,1
Jacky Madge,2010-06-23 00:00:00.000,jmadgeg1@cisco.com,GY2UPvXYSSEh,3734845502,1
Tremaine Porker,2011-08-19 00:00:00.000,tporkerg2@nationalgeographic.com,Py7VwCJ27BD,4896162850,1
Thaddus O'Neal,2005-01-28 00:00:00.000,tonealg3@domainmarket.com,wiBzOFg,5046983027,1
Cull Leggis,2017-08-09 00:00:00.000,cleggisg4@independent.co.uk,bfL7FVJgVLw,6294827283,1
Otes Povlsen,2017-07-07 00:00:00.000,opovlseng5@odnoklassniki.ru,CX91UvlDD,5576722483,1
Hamel Benedicte,2011-01-28 00:00:00.000,hbenedicteg6@earthlink.net,r2vO1Nr,4061036901,1
Doti Fair,2017-08-30 00:00:00.000,dfairg7@naver.com,az5N36RJM,8772811695,1
Dianemarie Flockhart,2011-01-27 00:00:00.000,dflockhartg8@discovery.com,rVuyhLEcSc,4493852194,1
Vivie Dannatt,2012-02-26 00:00:00.000,vdannattg9@uol.com.br,YEj9IcFp0lZ,1921977789,1
Jesus Smidmore,2010-07-27 00:00:00.000,jsmidmorega@wordpress.org,ERVAnU,2056240964,1
Paulie Bamlett,2004-07-31 00:00:00.000,pbamlettgb@csmonitor.com,iuY4qlnpa3F,8946914354,1
Ferdinanda Mellem,2012-06-10 00:00:00.000,fmellemgc@huffingtonpost.com,BzfkEd9uC,2119681961,1
Myriam Fley,2006-08-05 00:00:00.000,mfleygd@icio.us,uxrDsG,6852590516,1
Ambrose Woltering,2002-03-16 00:00:00.000,awolteringge@macromedia.com,MoFRsNs,2932190277,1
Korry Funcheon,2021-06-02 00:00:00.000,kfuncheongf@craigslist.org,xX1YIetHlam,8016725618,1
Vernen Connew,2018-03-13 00:00:00.000,vconnewgg@plala.or.jp,rmEq1v1,3339934024,1
Tamas Walford,2013-11-28 00:00:00.000,twalfordgh@alexa.com,bfWqY1Jl9G,4838057718,1
Lauritz Cloney,2012-01-08 00:00:00.000,lcloneygi@lycos.com,L1r26y,1019530674,1
Eden Attard,2007-04-04 00:00:00.000,eattardgj@usa.gov,ktkvB2Y,2644337019,1
Virgilio Padberry,2014-11-17 00:00:00.000,vpadberrygk@nationalgeographic.com,0gE1tOEuw,9191894208,1
Ferdy Mortlock,2000-10-30 00:00:00.000,fmortlockgl@github.io,uUFViJjm,1915257840,1
Iorgo Hammelberg,2015-02-21 00:00:00.000,ihammelberggm@phpbb.com,yxmB4t1Jk,1888669523,1
Gabriello Bethel,2004-04-06 00:00:00.000,gbethelgn@xing.com,mZQHs0FhqxJ,8728564824,1
Honoria Realph,2018-01-22 00:00:00.000,hrealphgo@sun.com,tVqerQn,8909453424,1
Isadore Le Gallo,2014-11-20 00:00:00.000,ilegp@bbb.org,C1ZGgU3,1646534464,1
Sybille Linnock,2001-07-28 00:00:00.000,slinnockgq@dailymotion.com,Hg9usyCtP,8796789338,1
Stephanie Wiffen,2004-05-21 00:00:00.000,swiffengr@reuters.com,TiKovKRG8b,6745381397,1
Gaven Vearnals,2019-05-18 00:00:00.000,gvearnalsgs@howstuffworks.com,SPeeq42,8382231887,1
Loria Brugmann,2005-01-30 00:00:00.000,lbrugmanngt@sogou.com,yLwYylO,8329116765,1
Hy Radcliffe,2001-04-27 00:00:00.000,hradcliffegu@who.int,fkKRRvE2dP,9395037424,1
Ansell Bianco,2006-08-18 00:00:00.000,abiancogv@mashable.com,AyDv0ah,4498395372,1
Annamarie Colegate,2015-03-18 00:00:00.000,acolegategw@ca.gov,Xm5foVRP,7556953326,1
Dale Rontree,2006-08-17 00:00:00.000,drontreegx@squidoo.com,C44fJQastqSF,6885333254,1
Anica MacAskill,2002-02-28 00:00:00.000,amacaskillgy@psu.edu,3QpS3m,2627219409,1
Tilly Climpson,2006-01-22 00:00:00.000,tclimpsongz@gravatar.com,gjXgkvb,7062975803,1
Brigida Tresler,2015-04-29 00:00:00.000,btreslerh0@unesco.org,wfZo8kFF9G,9335027217,1
Casper Camelin,2019-05-21 00:00:00.000,ccamelinh1@t-online.de,mrAbEIFs,7573503262,1
Toni Meeking,2016-12-27 00:00:00.000,tmeekingh2@google.co.uk,opvjgGY,1149022734,1
Amata Delacourt,2012-02-05 00:00:00.000,adelacourth3@skype.com,Um1Pek,3109323564,1
Marjie Tesauro,2009-05-04 00:00:00.000,mtesauroh4@webmd.com,3Gn8cCT2S,6072418257,1
Gerhardt Philot,2010-04-11 00:00:00.000,gphiloth5@cnbc.com,rbPkx6YAw,7124682399,1
Cherise Ojeda,2006-06-27 00:00:00.000,cojedah6@mit.edu,J3jHRcXonuc,7921454508,1
Jessalyn Scrimshire,2013-03-19 00:00:00.000,jscrimshireh7@wunderground.com,euqi9dvFh,3445406503,1
Rolph Meachen,2013-09-09 00:00:00.000,rmeachenh8@jalbum.net,WMa5HVAIAYuE,2333383333,1
Joane Collingworth,2001-12-28 00:00:00.000,jcollingworthh9@dagondesign.com,ATzmEVtQzB,3544622424,1
My Venneur,2017-11-20 00:00:00.000,mvenneurha@fotki.com,PHyMdRtw,9224582334,1
Tiff Blazdell,2017-04-10 00:00:00.000,tblazdellhb@infoseek.co.jp,gLrCcKuaSxgi,7767901421,1
Coleen Vase,2003-10-25 00:00:00.000,cvasehc@godaddy.com,dgKiXefZ9rs,9112488216,1
Maxim Dwyr,2001-10-27 00:00:00.000,mdwyrhd@toplist.cz,1IEpZAPlbL,7556788516,1
Katha Ausiello,2012-01-18 00:00:00.000,kausiellohe@admin.ch,pOMPslwUv,8315588785,1
Korney Mulroy,2002-11-27 00:00:00.000,kmulroyhf@mtv.com,HyjWJq,2702725054,1
Elladine Geipel,2002-05-11 00:00:00.000,egeipelhg@ocn.ne.jp,4BJpVtt,5503912847,1
D'arcy Ringrose,2019-09-12 00:00:00.000,dringrosehh@opera.com,OjdKMOZ,2228685876,1
Bette Grenkov,2018-11-01 00:00:00.000,bgrenkovhi@house.gov,rC6PHO1uY3yt,8147893479,1
Willey Marzele,2016-06-29 00:00:00.000,wmarzelehj@arizona.edu,StlToBrPE7,7314628968,1
Stoddard Simmings,2005-01-07 00:00:00.000,ssimmingshk@dell.com,M725jrE,3986144434,1
Rolfe Gorey,2008-02-17 00:00:00.000,rgoreyhl@va.gov,Ft9tTDECHmfa,1585860678,1
Hester Lamke,2006-08-04 00:00:00.000,hlamkehm@ustream.tv,vwLgs7lD,2519298096,1
Carmon Swanton,2008-06-11 00:00:00.000,cswantonhn@amazon.com,GzSxo39tYMX,7541495553,1
Luther Beatty,2009-06-23 00:00:00.000,lbeattyho@tinyurl.com,4XKo3cDtAI,9028457509,1
Blakelee Reader,2007-03-27 00:00:00.000,breaderhp@cbslocal.com,owNHO8,4126472983,1
Ferd Bacup,2016-05-15 00:00:00.000,fbacuphq@delicious.com,x4A5o3x,2629944361,1
Edwina Corten,2019-11-27 00:00:00.000,ecortenhr@reddit.com,ulKOmv4j,7834062525,1
Keriann Shimmin,2001-03-11 00:00:00.000,kshimminhs@mail.ru,Keo1rbTzT,5325222462,1
Krissie Brimner,2020-05-23 00:00:00.000,kbrimnerht@ycombinator.com,T0bZ62YE3WG,1647633333,1
Gery Raylton,2021-05-09 00:00:00.000,grayltonhu@opera.com,hsV1r2n2Zy,3547417262,1
Casey Withey,2015-03-11 00:00:00.000,cwitheyhv@intel.com,ENBBo2,3384737859,1
Caroljean Wrates,2009-01-17 00:00:00.000,cwrateshw@about.com,UVv8lGMr,1835428304,1
Sheelagh Billie,2020-12-26 00:00:00.000,sbilliehx@dedecms.com,hzPhdQQ,7307717354,0
Stefano Moncreif,2018-05-15 00:00:00.000,smoncreifhy@shinystat.com,EkIkIXH,4048792672,1
Jaime Jammet,2008-03-17 00:00:00.000,jjammethz@nasa.gov,em8ROV,4483682148,1
Othilie Rottgers,2021-02-16 00:00:00.000,orottgersi0@webmd.com,IAI2ZhfwK,4379287961,0
Emmaline Benedtti,2019-09-03 00:00:00.000,ebenedttii1@narod.ru,IE78wmh,1029031470,1
Averil Hansman,2012-02-15 00:00:00.000,ahansmani2@scribd.com,dUEcEgp2ec,6223379469,1
Adolph Fermor,2018-07-21 00:00:00.000,afermori3@cbslocal.com,Iix0OTR,3546425089,1
Millard Doorbar,2019-02-13 00:00:00.000,mdoorbari4@yellowbook.com,VKZwIdCQwkcF,3811576614,1
Hakeem Frisel,2008-06-06 00:00:00.000,hfriseli5@hp.com,MZ8HOu,1705182404,1
Rubin Dullard,2013-03-03 00:00:00.000,rdullardi6@reference.com,5YXDc1QPpLi9,2905168701,1
Borg Burstow,2008-10-19 00:00:00.000,bburstowi7@wikipedia.org,JQ6Bc4,9644574239,1
Melisa Lax,2018-01-26 00:00:00.000,mlaxi8@feedburner.com,Zi6vKGG,5967999696,1
Ashil Izkovitz,2001-07-02 00:00:00.000,aizkovitzi9@apple.com,NTPxF3R45,8371733697,1
Staford Helstrip,2014-02-08 00:00:00.000,shelstripia@xing.com,K9b7H4kXms,3965779337,1
Quentin Richly,2006-06-27 00:00:00.000,qrichlyib@npr.org,WwWqD7,5645992699,1
Birdie Sibbert,2014-08-21 00:00:00.000,bsibbertic@google.it,P26KicduBF,2455628204,1
Aloysius Wyllis,2021-08-15 00:00:00.000,awyllisid@sitemeter.com,63dTlqcev,8596677727,0
Nikki Amthor,2000-11-13 00:00:00.000,namthorie@hc360.com,sqt8wpCEYg,1051291300,1
Parke Arsey,2011-10-31 00:00:00.000,parseyif@eepurl.com,Lj3cHRYM4,8932039695,1
Dulciana Barrington,2020-12-09 00:00:00.000,dbarringtonig@engadget.com,00gBEb2IGV,9579603255,1
Eugenia Ashbolt,2020-06-03 00:00:00.000,eashboltih@printfriendly.com,dvFEgibc,2977981556,1
Shannah Ubank,2017-10-09 00:00:00.000,subankii@ocn.ne.jp,Qpb7kSOu,5723272458,1
Erasmus Niesegen,2002-07-28 00:00:00.000,eniesegenij@sitemeter.com,yaxqoG,2942465030,1
Lynsey Tombleson,2013-09-24 00:00:00.000,ltomblesonik@behance.net,HvP7uUkDQuQX,2851333503,1
Selene Moss,2001-03-09 00:00:00.000,smossil@telegraph.co.uk,d4CA7zO7lP,2358855603,1
Chris Klemz,2018-07-01 00:00:00.000,cklemzim@myspace.com,AyebKac,2288928029,1
Annaliese Phayre,2006-03-06 00:00:00.000,aphayrein@jalbum.net,68VlmoD94O4,2603594824,1
Grantham Ramel,2016-02-17 00:00:00.000,gramelio@icio.us,TuL87O,5055037712,1
Will Culcheth,2004-08-03 00:00:00.000,wculchethip@who.int,QZBDUtEJbU,1974126692,1
Ame Janas,2005-04-05 00:00:00.000,ajanasiq@about.com,CHD4MsHXgo,3973695647,1
Albertina Cavanaugh,2019-03-25 00:00:00.000,acavanaughir@godaddy.com,X4WS8U8B,4678547972,1
Muffin Sneezum,2012-08-29 00:00:00.000,msneezumis@exblog.jp,SYGLsM398P,6784861698,1
Solly Lockner,2001-11-25 00:00:00.000,slocknerit@constantcontact.com,94UAGtRzSo,2273536728,1
Corina Cayser,2012-10-09 00:00:00.000,ccayseriu@google.pl,QbCNUZcLZ,8044522317,1
Joceline Phipson,2021-08-20 00:00:00.000,jphipsoniv@bigcartel.com,xLdH4KW,2475059025,1
Janina Peat,2011-12-01 00:00:00.000,jpeatiw@google.it,HycDmrh,3044096553,1
Rutherford Stirtle,2021-05-08 00:00:00.000,rstirtleix@mysql.com,fakVBL,2023641224,1
Emylee Gabbotts,2014-02-05 00:00:00.000,egabbottsiy@oaic.gov.au,FSXmO8aYZjd,3524952121,1
Brande Bodechon,2002-02-03 00:00:00.000,bbodechoniz@networkadvertising.org,xCaugLLsE24p,4797570410,1
Madeline Laughnan,2021-07-17 00:00:00.000,mlaughnanj0@scribd.com,CPkZCkLqVv,4032515635,1
Ezri Parradye,2020-05-20 00:00:00.000,eparradyej1@cargocollective.com,nNXfSzdBd7rN,9177681433,1
Romona Hallihane,2005-10-27 00:00:00.000,rhallihanej2@vistaprint.com,tItkNe2N,6546107521,1
Turner Millyard,2010-07-08 00:00:00.000,tmillyardj3@homestead.com,b44S9A,2305069693,1
Blakeley Oliveti,2000-10-21 00:00:00.000,bolivetij4@e-recht24.de,uwojJ0I,8625717622,1
Grover Coward,2013-10-11 00:00:00.000,gcowardj5@japanpost.jp,ig2MefvwUH,7955518893,1
Riannon Bundy,2014-01-29 00:00:00.000,rbundyj6@senate.gov,Je8duTF,9738969476,1
Jesselyn Schwandermann,2017-02-10 00:00:00.000,jschwandermannj7@drupal.org,HMTVhJw8V6hG,4161253266,1
York Gissop,2007-07-15 00:00:00.000,ygissopj8@mac.com,0vTgvFJ7Et,3278312429,1
Fredelia Cham,2011-11-03 00:00:00.000,fchamj9@ask.com,vOdG5T3HGPl,2176229497,1
Honey Buntain,2003-11-06 00:00:00.000,hbuntainja@oracle.com,ck75koVz,1021244310,1
Rosella Perrington,2005-08-19 00:00:00.000,rperringtonjb@discovery.com,7voXZzL,5833050344,1
Aldin Laise,2001-04-23 00:00:00.000,alaisejc@barnesandnoble.com,OqMLsMf,3808379829,1
Tally Kennedy,2001-10-26 00:00:00.000,tkennedyjd@springer.com,zcVggpgSwtI,9082587552,1
Theresina Karppi,2013-01-18 00:00:00.000,tkarppije@joomla.org,XKAxGC,8713250208,1
Nevile Ballendine,2015-10-12 00:00:00.000,nballendinejf@stumbleupon.com,5bPZzmOl,4554913256,1
Farlee Shevelin,2008-05-16 00:00:00.000,fshevelinjg@gmpg.org,97mJzeCBH,5673579833,1
Lemar Ryburn,2001-12-02 00:00:00.000,lryburnjh@com.com,D9ruDUC,5803357794,1
Pierrette Mioni,2004-02-10 00:00:00.000,pmioniji@jiathis.com,5K6dtgzk,3067886999,1
Klement Skunes,2018-02-10 00:00:00.000,kskunesjj@qq.com,LpHqJms,5121904526,1
Catlin Leathes,2017-02-07 00:00:00.000,cleathesjk@bandcamp.com,KbrwPBl2Kuc,2688334757,1
Blythe Tall,2019-05-27 00:00:00.000,btalljl@dell.com,copqmkqhCVY,6541147508,1
Allis Birtonshaw,2002-04-07 00:00:00.000,abirtonshawjm@slashdot.org,7PSVt5BmdE,6419871097,1
Ruttger Twiggs,2015-01-16 00:00:00.000,rtwiggsjn@usa.gov,19p7u9AyZBQ,4539560282,1
Christoper Toffoletto,2001-02-03 00:00:00.000,ctoffolettojo@ucoz.com,R9r2TOj4fU,4854542695,1
Thomasina Fremantle,2005-08-12 00:00:00.000,tfremantlejp@ezinearticles.com,BTF4zgi,9785690200,1
Birch Streader,2018-11-12 00:00:00.000,bstreaderjq@twitpic.com,RO8Iu8ci,2417852673,1
Symon Warby,2014-10-15 00:00:00.000,swarbyjr@spotify.com,bEVpZQ,3297529925,1
Bink Bratton,2003-11-27 00:00:00.000,bbrattonjs@rakuten.co.jp,PPlgZk7VRb,2332708779,1
Rina Capeloff,2009-08-16 00:00:00.000,rcapeloffjt@independent.co.uk,C0KfgpdUU9m,5611608961,1
Niko Hartzog,2017-05-03 00:00:00.000,nhartzogju@sourceforge.net,FkWWqKFffjAj,2346736800,1
Benny Jentges,2003-01-10 00:00:00.000,bjentgesjv@ucoz.ru,fvPQHeTi,7318073949,1
Annemarie Peinke,2017-03-26 00:00:00.000,apeinkejw@sohu.com,3U8oDq7,6944233586,1
Ernie Seilmann,2004-09-30 00:00:00.000,eseilmannjx@msu.edu,aRaUHfU,4579412347,1
Lewiss Brigginshaw,2002-05-26 00:00:00.000,lbrigginshawjy@hexun.com,t0SzyAkWrS,3338877911,1
Mylo Batecok,2004-08-04 00:00:00.000,mbatecokjz@tumblr.com,RfTt3B,7382305514,1
Sascha Juggings,2008-03-22 00:00:00.000,sjuggingsk0@google.com.hk,3L4HW2,6174778241,1
Huntington Krinks,2016-04-22 00:00:00.000,hkrinksk1@ox.ac.uk,m6ZfEIdW,8757313786,1
Ofilia Newson,2009-04-02 00:00:00.000,onewsonk2@army.mil,CMCiuroqZ,6187001730,1
Yasmin Janicki,2020-11-16 00:00:00.000,yjanickik3@cargocollective.com,FWT2rbySVCv7,1358591479,0
Cordey Escalera,2005-09-29 00:00:00.000,cescalerak4@cafepress.com,ApNY5gDDHOK,7379618633,1
Merridie Jozwiak,2020-07-23 00:00:00.000,mjozwiakk5@123-reg.co.uk,kIC90anQzQf,9441895193,1
Janenna Kilshaw,2002-12-11 00:00:00.000,jkilshawk6@imdb.com,9BXf5tsfb7,2307674685,1
Kakalina Worpole,2004-03-07 00:00:00.000,kworpolek7@angelfire.com,5iY3lJD7EMHN,9067488345,1
Robinette Largen,2013-07-02 00:00:00.000,rlargenk8@senate.gov,QlsGH9c0SBu,5253001191,1
Chrysa Boughtwood,2017-10-18 00:00:00.000,cboughtwoodk9@shop-pro.jp,2EcNYjj,9825816193,1
Amil Emblow,2005-01-06 00:00:00.000,aemblowka@yolasite.com,CCYcH4N8,4785592248,1
Maggi Stitcher,2019-11-24 00:00:00.000,mstitcherkb@wix.com,1hHbSKfsT,4751118807,1
Florence Shenfish,2006-04-24 00:00:00.000,fshenfishkc@live.com,UH3WgfvydL0I,6473279744,1
Lonnie Veivers,2013-01-01 00:00:00.000,lveiverskd@buzzfeed.com,248xfkKsFRR,1657900037,1
Imogen Pendleton,2017-08-01 00:00:00.000,ipendletonke@qq.com,OqP8raR,8742792717,1
Janine Wasielewicz,2016-01-07 00:00:00.000,jwasielewiczkf@noaa.gov,HF8Uo1tbt,5897182705,1
Franz Van Baaren,2007-06-20 00:00:00.000,fvankg@histats.com,MNtGgf1h,4815572695,1
Ulrike Wareham,2012-06-24 00:00:00.000,uwarehamkh@nifty.com,71uy8oEE,7021108152,1
Carena Klehyn,2002-03-12 00:00:00.000,cklehynki@kickstarter.com,5iJhhELod1E,4827210371,1
Denni Jacobson,2016-05-03 00:00:00.000,djacobsonkj@oaic.gov.au,7kX2Ku8MoG5,1507907370,1
Judi Dinneen,2001-01-25 00:00:00.000,jdinneenkk@imgur.com,R7fke2,8673715929,1
Maurits Esposito,2014-07-06 00:00:00.000,mespositokl@de.vu,AMSekqg,3564119192,1
Sadye Byass,2007-11-30 00:00:00.000,sbyasskm@bing.com,TUCJHMRir,6718861926,1
Janka Howsley,2015-08-08 00:00:00.000,jhowsleykn@mtv.com,jFpc3t,2966210729,1
Tara McKinna,2000-12-22 00:00:00.000,tmckinnako@rambler.ru,OobEBM,7697109796,1
Nickey Tollow,2017-10-13 00:00:00.000,ntollowkp@tamu.edu,CRt6gS0F,3403193700,1
Raymund Gheerhaert,2004-11-15 00:00:00.000,rgheerhaertkq@telegraph.co.uk,QCo7aH6ntZo,2074123547,1
Lionel Fawlo,2009-12-03 00:00:00.000,lfawlokr@usnews.com,Y0oEmbIjBv,7647825290,1
Philis Seer,2016-09-27 00:00:00.000,pseerks@archive.org,0hyZU7Bjtfhd,6072112830,1
Barthel Florey,2009-01-29 00:00:00.000,bfloreykt@fc2.com,5CFxjzWc6e,6174660590,1
Nikola Oldford,2017-08-03 00:00:00.000,noldfordku@alibaba.com,p9ZJT4da,4721988516,1
Cass Molineaux,2008-11-14 00:00:00.000,cmolineauxkv@youtube.com,faXl5Zz3CHQ,8936601298,1
Collin Ambrogi,2001-04-26 00:00:00.000,cambrogikw@ted.com,KXVqZFogf,5376947101,1
Francklin Hulkes,2009-11-05 00:00:00.000,fhulkeskx@furl.net,tyGHshL0Ad,1651330235,1
Evyn Torrese,2009-08-10 00:00:00.000,etorreseky@hp.com,eOftT6r8,5262203964,1
Boony Huggens,2009-06-17 00:00:00.000,bhuggenskz@ucoz.com,dMmMHNw,4065797316,1
Amberly Goosey,2003-05-09 00:00:00.000,agooseyl0@auda.org.au,V3IgYl,7901999758,1
Caria Willishire,2014-09-27 00:00:00.000,cwillishirel1@cdbaby.com,TPK48G6x,3854581763,1
Dionis Cunnington,2013-03-24 00:00:00.000,dcunningtonl2@mediafire.com,lbt2pn8,4576143309,1
Gary Cottingham,2001-05-04 00:00:00.000,gcottinghaml3@jalbum.net,6sWlAZFkCJ,9221951860,1
Hilario Billo,2010-11-27 00:00:00.000,hbillol4@miibeian.gov.cn,H9CauDt2,2202877753,1
Arluene Boame,2010-07-25 00:00:00.000,aboamel5@virginia.edu,a1ypiIZlbu,7948436740,1
Izaak Steely,2011-12-17 00:00:00.000,isteelyl6@creativecommons.org,HfkUdMoJJxN,7248394983,1
Mordy Colmer,2006-04-10 00:00:00.000,mcolmerl7@dot.gov,4p86IjIKK,5821518196,1
Olag Shoulder,2015-09-15 00:00:00.000,oshoulderl8@opensource.org,gupUFS,2069455542,1
Renate Straffon,2003-11-11 00:00:00.000,rstraffonl9@blogs.com,7Qvazn6L,1077704228,1
Agnesse Harris,2020-07-09 00:00:00.000,aharrisla@washington.edu,GbmwvUh,2068501012,1
Mohandas Barrott,2005-12-11 00:00:00.000,mbarrottlb@narod.ru,zDB2snFc,5561054314,1
Arne Garlick,2001-03-01 00:00:00.000,agarlicklc@bing.com,irWcn1y33wm1,2218361010,1
Marjory Huckstepp,2012-04-06 00:00:00.000,mhucksteppld@bluehost.com,Xas7PeHQAV,3462911893,1
Ash Wilfing,2004-10-07 00:00:00.000,awilfingle@alexa.com,iwrlp3AngUJ,4199518437,1
Lenee Gerring,2015-10-25 00:00:00.000,lgerringlf@ask.com,6JZ8sHO5tAa,6078153090,1
Yule Gotter,2012-05-26 00:00:00.000,ygotterlg@nhs.uk,Idt3QdGW5Vr,2325128181,1
Florentia Giacobbo,2009-05-16 00:00:00.000,fgiacobbolh@sun.com,oc7re65P5,5334782075,1
Jeannette Skim,2016-01-08 00:00:00.000,jskimli@blinklist.com,n7LH9T,6805337885,1
Emmaline Stuehmeyer,2011-12-29 00:00:00.000,estuehmeyerlj@yolasite.com,QE1dXsymKi,2662082454,1
Bria Minocchi,2005-09-19 00:00:00.000,bminocchilk@soundcloud.com,LURkHZju,8913424335,1
Tonya Bumford,2011-09-19 00:00:00.000,tbumfordll@cam.ac.uk,4Bs0aA02,9381942455,1
Mimi Louche,2005-10-17 00:00:00.000,mlouchelm@prlog.org,CrZosHC,5773264810,1
Warren Lichfield,2001-07-20 00:00:00.000,wlichfieldln@opensource.org,9vZjMWTXDE,1295131532,1
Rosita Henworth,2005-12-25 00:00:00.000,rhenworthlo@bravesites.com,4CgFk3izE,1326381555,1
Morie Fausset,2013-02-16 00:00:00.000,mfaussetlp@com.com,ZqpoBEft,5464000150,1
Lion Nel,2015-04-25 00:00:00.000,lnellq@reuters.com,KNTK6D,3687199121,1
Stevie Martschik,2015-12-10 00:00:00.000,smartschiklr@statcounter.com,qWaN7oi,9536949333,1
Davina Treace,2018-11-22 00:00:00.000,dtreacels@cam.ac.uk,pLaowHX0j6,6263845477,1
Amery MacRury,2014-04-23 00:00:00.000,amacrurylt@wp.com,TAVChXCj,8493295608,1
Germaine Upham,2019-06-21 00:00:00.000,guphamlu@wired.com,9bo4EWD,3439420829,1
Benjie Vermer,2015-02-02 00:00:00.000,bvermerlv@miibeian.gov.cn,cNTPJej6El,7322837680,1
Pansie Phippen,2015-09-24 00:00:00.000,pphippenlw@nymag.com,49YV1EiRH,4422262282,1
Bo Whellams,2011-12-27 00:00:00.000,bwhellamslx@multiply.com,Dwigm7Lazvb,8127886682,1
Randy Cattini,2001-10-12 00:00:00.000,rcattinily@bbc.co.uk,HkscRp,5183722716,1
Luci McGrady,2020-10-08 00:00:00.000,lmcgradylz@dailymail.co.uk,hdyEDFobEr8u,4733961034,1
Josepha Grainge,2009-05-22 00:00:00.000,jgraingem0@studiopress.com,akcSX7O48w,5993422674,1
Niki Robertis,2011-01-10 00:00:00.000,nrobertism1@state.tx.us,uI95HHrlr1,8781845374,1
Mala Maydwell,2004-06-30 00:00:00.000,mmaydwellm2@dailymail.co.uk,wXwZvGEo,7202194491,1
Kylie Suttill,2012-03-02 00:00:00.000,ksuttillm3@free.fr,xsNkbm6,1265339474,1
Hubey Nelsey,2014-06-02 00:00:00.000,hnelseym4@mail.ru,Gvva5d1,9098391497,1
Foster Cosslett,2007-06-21 00:00:00.000,fcosslettm5@alexa.com,itIkcUGp1rJ,1456292929,1
Ado MacGarrity,2009-03-27 00:00:00.000,amacgarritym6@harvard.edu,D3AErdo3,7656859275,1
Stacy Riggeard,2006-11-10 00:00:00.000,sriggeardm7@dailymail.co.uk,ZdLqr2yM,9079577409,1
Kasey Troctor,2008-01-27 00:00:00.000,ktroctorm8@mediafire.com,B2yVpS,8428767042,1
Rose Arran,2020-04-05 00:00:00.000,rarranm9@yandex.ru,Ul3x2LhWsDED,2802772318,1
Warren Kubicki,2003-04-01 00:00:00.000,wkubickima@aol.com,SIIBqlHF,9187521787,1
Merwin Annies,2020-09-07 00:00:00.000,manniesmb@taobao.com,mX17OH6n,9193745144,1
Tibold Dorward,2017-12-13 00:00:00.000,tdorwardmc@smh.com.au,ehWHJvZLXz,7185148292,1
Billye Swanbourne,2018-11-29 00:00:00.000,bswanbournemd@ucoz.com,kBhZyDj05Q,7915657131,1
Gayle O'Skehan,2021-09-02 00:00:00.000,goskehanme@canalblog.com,mmhhSVbLJi,4412676175,0
King Baldin,2021-10-02 00:00:00.000,kbaldinmf@quantcast.com,cTmDek66Qp5I,8615556584,1
Nicolle Goldston,2017-03-01 00:00:00.000,ngoldstonmg@mysql.com,Nm8oV2dPh7w,8501604052,1
Sky Lethem,2007-03-27 00:00:00.000,slethemmh@economist.com,nkxkOJV,5144249301,1
Morganica Neeve,2018-10-31 00:00:00.000,mneevemi@ftc.gov,KP32rUWZ,8115068445,1
Florencia Allden,2013-11-17 00:00:00.000,falldenmj@netlog.com,zoHC59rA331I,7119463334,1
Bondie Bentham,2016-01-17 00:00:00.000,bbenthammk@live.com,I6dLUnn,1398817488,1
Seward Mangham,2014-08-09 00:00:00.000,smanghamml@paypal.com,ptHo1FYA3Cv,8785937733,1
Nerta Woodwing,2009-06-17 00:00:00.000,nwoodwingmm@home.pl,qmh1UlS4fiK,5726143931,1
Row Hourigan,2008-05-10 00:00:00.000,rhouriganmn@vk.com,AEcKWodiwZ,4577180717,1
Hercules L'oiseau,2018-04-12 00:00:00.000,hloiseaumo@google.ca,cIYSHDxjE,7356952198,1
Hermy Mullany,2005-05-17 00:00:00.000,hmullanymp@purevolume.com,Rwanlq4oIOa0,4885228003,1
Edd Mateuszczyk,2020-06-09 00:00:00.000,emateuszczykmq@clickbank.net,A3rk8d5sl8,1191068046,1
Corby McAteer,2020-12-23 00:00:00.000,cmcateermr@ihg.com,YjNkjEU,6657514237,1
Clemente Simonou,2005-11-28 00:00:00.000,csimonoums@artisteer.com,x174BkP,8786501189,1
Ardella Ivetts,2015-09-03 00:00:00.000,aivettsmt@telegraph.co.uk,PUsNd2p,4216004962,1
Florry Getcliffe,2002-03-28 00:00:00.000,fgetcliffemu@army.mil,yF574i,6528181451,1
Venita Philippon,2015-03-01 00:00:00.000,vphilipponmv@archive.org,AiBFjbniE,8084365920,1
Leonore Truter,2019-03-13 00:00:00.000,ltrutermw@cnet.com,GojTFYMl,1305515026,1
Janaye Kernley,2006-12-23 00:00:00.000,jkernleymx@amazon.co.jp,eAnNWAi9cfrS,4283891540,1
Cati Size,2009-06-27 00:00:00.000,csizemy@earthlink.net,i3qDlJxTpZdn,4781237449,1
Darnall Tante,2011-01-18 00:00:00.000,dtantemz@state.tx.us,ItyqrwcLg,7551661954,1
Bat Shorto,2004-05-07 00:00:00.000,bshorton0@time.com,sZLRYxrsl,4212254797,1
Karolina Fenge,2019-01-08 00:00:00.000,kfengen1@tamu.edu,yHLwTt1dqH5,7781538235,1
Morrie Diess,2006-03-04 00:00:00.000,mdiessn2@wired.com,8oP2pd0jt8s,3399829987,1
Guillema Kernar,2011-09-13 00:00:00.000,gkernarn3@gizmodo.com,Ynpt1fSz3,2113337499,1
Charley Checcucci,2001-04-22 00:00:00.000,ccheccuccin4@cdc.gov,cmMTMSOW8u,7077613186,1
Hodge Mealham,2020-01-12 00:00:00.000,hmealhamn5@etsy.com,wnwAtelc,3106173379,1
Melosa MacGragh,2009-02-10 00:00:00.000,mmacgraghn6@yahoo.co.jp,rbJFp5llY,7446296080,1
Virginia Jennrich,2010-12-07 00:00:00.000,vjennrichn7@home.pl,kXVKKU7tf,2152181901,1
Rubia Roomes,2011-01-16 00:00:00.000,rroomesn8@amazonaws.com,pO6roSH1EvmY,6594926288,1
Cristi Ahlf,2010-09-25 00:00:00.000,cahlfn9@independent.co.uk,y6GwgjVu,7809942225,1
Guillaume Clawsley,2007-12-31 00:00:00.000,gclawsleyna@samsung.com,Z2OmMd2zs,4414402172,1
Keary Mabbott,2012-05-24 00:00:00.000,kmabbottnb@yellowbook.com,luZDJ7,4996182713,1
Henri Mews,2003-02-14 00:00:00.000,hmewsnc@sourceforge.net,pHCUHu,5421284381,1
Jacquelyn Bruggeman,2014-09-18 00:00:00.000,jbruggemannd@mtv.com,xpixgNv5,5235794546,1
Vicki Till,2006-07-29 00:00:00.000,vtillne@php.net,60hr6Ppy3,1377679504,1
Elysia Louedey,2018-08-31 00:00:00.000,elouedeynf@cargocollective.com,vGnDUIAm,3128672304,1
Boy Pauleau,2009-06-17 00:00:00.000,bpauleaung@histats.com,whdMt9zgK04,6259449929,1
Berrie Vellender,2018-04-11 00:00:00.000,bvellendernh@acquirethisname.com,EgcaIvXp,4592369226,1
Ceil Epinoy,2021-05-30 00:00:00.000,cepinoyni@qq.com,uUbgMqP90K,1866180025,0
Sydel Broggelli,2007-05-25 00:00:00.000,sbroggellinj@t-online.de,DEak00K,6207091501,1
Dori Alldritt,2006-03-04 00:00:00.000,dalldrittnk@weather.com,taS8gtSSpY,6356205655,1
Emlynne Prest,2010-05-23 00:00:00.000,eprestnl@blogtalkradio.com,t9sstcHo2efE,9486823998,1
Esme Maccaig,2011-03-07 00:00:00.000,emaccaignm@sourceforge.net,llBvz6lTO,4109853729,1
Lisabeth Kasher,2008-05-20 00:00:00.000,lkashernn@illinois.edu,QncxEr,3064717946,1
Amelina Constantine,2014-09-22 00:00:00.000,aconstantineno@wix.com,97MRYJgJ9,9593010829,1
Alfons Pollastrone,2005-12-29 00:00:00.000,apollastronenp@epa.gov,ZIJscCSghA9r,4788656703,1
Scotti Vaines,2013-07-20 00:00:00.000,svainesnq@bbc.co.uk,cl6ERHfrx,6759881377,1
Anastassia Longhirst,2000-11-14 00:00:00.000,alonghirstnr@mashable.com,U3B58CcwCW5,6138000675,1
Maible Munnis,2007-01-09 00:00:00.000,mmunnisns@whitehouse.gov,uI1HAh5,7975916206,1
Tirrell Ragborne,2006-12-07 00:00:00.000,tragbornent@istockphoto.com,CkfPbCmk9,8503402061,1
Elsbeth Cowup,2009-03-21 00:00:00.000,ecowupnu@usatoday.com,jR4xix,1462880264,1
Pat Thouless,2003-10-06 00:00:00.000,pthoulessnv@soundcloud.com,Tl9wynFsxs,5307570510,1
Roland Jent,2003-08-02 00:00:00.000,rjentnw@nbcnews.com,K47XGDaPHi1,8699710313,1
Giffer Alberti,2017-09-06 00:00:00.000,galbertinx@amazonaws.com,BTAsc5,9341256289,1
Allison Domerc,2001-02-21 00:00:00.000,adomercny@yolasite.com,RpCaL3n856Y,6213688724,1
Erika Juniper,2007-05-15 00:00:00.000,ejunipernz@sbwire.com,j49Y6QfJhBU,9027153353,1
Lenore Antcliff,2008-09-29 00:00:00.000,lantcliffo0@joomla.org,MHDrV7daTRk,5154651421,1
Ulla Crocket,2013-12-16 00:00:00.000,ucrocketo1@guardian.co.uk,i03r3SjDyXC,1406282099,1
Buffy Karleman,2019-10-02 00:00:00.000,bkarlemano2@scientificamerican.com,T34Vl0uh1m,5036424246,1
Konrad Marchand,2002-08-21 00:00:00.000,kmarchando3@google.fr,oceQotW,6323433051,1
Ynes Crawshaw,2019-09-23 00:00:00.000,ycrawshawo4@sina.com.cn,2AtrwqNKch,2408530802,1
Florence Farthin,2010-04-27 00:00:00.000,ffarthino5@slashdot.org,XfupV9sv,3994275981,1
Leoine Olifaunt,2010-03-22 00:00:00.000,lolifaunto6@redcross.org,b1LF9Gyd6kWr,3084788350,1
Deedee Sandwick,2001-03-15 00:00:00.000,dsandwicko7@time.com,YveOFMb2yW,5413269651,1
Yehudit Earland,2015-05-21 00:00:00.000,yearlando8@prweb.com,5XgtuM3pBnW,4768908700,1
Fidela Rumming,2007-01-07 00:00:00.000,frummingo9@prlog.org,q1krDE,2703137834,1
Gunther Leabeater,2005-10-13 00:00:00.000,gleabeateroa@constantcontact.com,h6Am4kNdsp2,9443936799,1
Mendy Gerardeaux,2019-03-10 00:00:00.000,mgerardeauxob@chron.com,ka1LCk,2746320582,1
Karlee Sikorski,2013-11-24 00:00:00.000,ksikorskioc@meetup.com,ICRG70K,6269047325,1
Roddy Schild,2015-05-18 00:00:00.000,rschildod@xing.com,i88J5R,8038704169,1
Gabbi Semper,2005-09-15 00:00:00.000,gsemperoe@furl.net,F4GY6qwvsR,9405430501,1
Judy Wickliffe,2003-07-19 00:00:00.000,jwickliffeof@bloglines.com,iSCpzRsc2nE,6999761334,1
Dennie Cammiemile,2010-04-11 00:00:00.000,dcammiemileog@google.ca,v8busV9N,4599523887,1
Luella Hardiker,2006-08-13 00:00:00.000,lhardikeroh@alexa.com,qu80cOIKQ,5844813374,1
Trenton Loffel,2003-11-23 00:00:00.000,tloffeloi@nature.com,ycHpuF,8686776691,1
Bryan Laffoley-Lane,2012-05-30 00:00:00.000,blaffoleylaneoj@dailymotion.com,Lv31fNa,4614208131,1
Craggie Gregorin,2010-02-26 00:00:00.000,cgregorinok@uol.com.br,6e8RwQ,9865817029,1
Mile Heeran,2011-09-09 00:00:00.000,mheeranol@foxnews.com,hzvlE54yewn,2026283788,1
Maurise Bellelli,2012-06-23 00:00:00.000,mbellelliom@independent.co.uk,OIbHqK7JRtgH,1194002803,1
Melodie Jacks,2009-02-03 00:00:00.000,mjackson@about.me,x8u5vzExkq3M,1121790047,1
Teena Tonbye,2003-06-06 00:00:00.000,ttonbyeoo@creativecommons.org,tIzzlLD,6028760769,1
Karrie Piechnik,2005-04-08 00:00:00.000,kpiechnikop@netvibes.com,MEL7gGag,8856824538,1
Miguelita Matthius,2018-03-15 00:00:00.000,mmatthiusoq@mlb.com,rwYG4f4Qpaqs,8035760012,1
Leontyne Studde,2020-08-24 00:00:00.000,lstuddeor@mac.com,8pufjuNV3dxF,2355419654,1
Bary Sydenham,2021-03-11 00:00:00.000,bsydenhamos@g.co,zgWgZXSIx4,9553256419,0
Gerhardt Ickovic,2018-08-01 00:00:00.000,gickovicot@icio.us,WrihcocwWU,8182791223,1
Marji Heake,2014-05-06 00:00:00.000,mheakeou@liveinternet.ru,MKvL0UJ,8559513953,1
Willie Scurrell,2019-08-06 00:00:00.000,wscurrellov@theatlantic.com,TTnhwtU0QUv,7014865624,1
Berna Frissell,2021-02-11 00:00:00.000,bfrissellow@t-online.de,NLKScel,2313612188,1
Olympe Kempe,2004-09-25 00:00:00.000,okempeox@sciencedirect.com,I5RDVGNES,6992309998,1
Benoite Bryett,2020-02-19 00:00:00.000,bbryettoy@issuu.com,CFGjmw3d,6247603002,1
Mario Ambrogetti,2007-06-05 00:00:00.000,mambrogettioz@blogger.com,ZQTiCLyJv,2334958726,1
Carlye Gravett,2021-10-24 00:00:00.000,cgravettp0@hatena.ne.jp,OdRObwt,4191322323,1
Eal Lanston,2012-02-10 00:00:00.000,elanstonp1@guardian.co.uk,3hrib2,2125484102,1
Nathanael Rainsdon,2004-06-06 00:00:00.000,nrainsdonp2@amazon.co.jp,2wqVqXm0b,7506276786,1
Lurline Renak,2021-04-04 00:00:00.000,lrenakp3@sciencedaily.com,pL79OoL1,6107669067,1
Alicia Sulman,2001-07-03 00:00:00.000,asulmanp4@themeforest.net,exFpflu6k9v,9689702212,1
Fae Edler,2014-07-08 00:00:00.000,fedlerp5@narod.ru,nno7iPnXy,2866605556,1
Evvie Knolles-Green,2015-08-13 00:00:00.000,eknollesgreenp6@cloudflare.com,NFTQWn58m,4939997047,1
Sal Beardsdale,2017-03-23 00:00:00.000,sbeardsdalep7@reference.com,AQC7MyKPYvU,8685959986,1
Bobbie Rizzillo,2021-02-05 00:00:00.000,brizzillop8@cnn.com,2DKxfOakeD,9917526409,1
Brigida Reynolds,2013-01-08 00:00:00.000,breynoldsp9@businesswire.com,LJMNzd6le,3601908963,1
Tim Serot,2016-03-11 00:00:00.000,tserotpa@mtv.com,h115fkrkC6qQ,6362049673,1
Dallas Sindle,2007-05-04 00:00:00.000,dsindlepb@thetimes.co.uk,EbflilXTN5qI,6892037548,1
Charisse Stoffel,2017-08-20 00:00:00.000,cstoffelpc@photobucket.com,W50W4MVX4bNy,2256946332,1
Bab Towsie,2002-05-06 00:00:00.000,btowsiepd@taobao.com,HCaOJa9Wt8Yc,8003668985,1
Eula Tinston,2002-12-03 00:00:00.000,etinstonpe@skyrock.com,hztvlpZrICu9,8938101848,1
Jaine Reynoollds,2019-01-30 00:00:00.000,jreynoolldspf@dailymail.co.uk,tWWNNQ,7048752249,1
Paule Carpmile,2018-01-17 00:00:00.000,pcarpmilepg@com.com,2b7Nmr8EP,3142823794,1
Meade Ronchka,2019-07-24 00:00:00.000,mronchkaph@netvibes.com,t4qm2Mz,5795313169,1
Cull Saben,2013-06-21 00:00:00.000,csabenpi@illinois.edu,aDTH7knU9p5Y,8768002418,1
Ora Parram,2009-08-11 00:00:00.000,oparrampj@ucoz.ru,ICkPds,7242536596,1
Cyrill Wasteney,2013-11-05 00:00:00.000,cwasteneypk@vk.com,XnZo3LKq9,5564546827,1
Charisse Barnett,2017-01-04 00:00:00.000,cbarnettpl@wisc.edu,BJK17ED7mQ,6845889091,1
Raphael Rutter,2001-05-04 00:00:00.000,rrutterpm@dot.gov,tIcNJF,9755038612,1
Lorinda Rosenblum,2016-07-24 00:00:00.000,lrosenblumpn@nhs.uk,M2t9KnHIn,2469830659,1
Connie Barke,2005-12-28 00:00:00.000,cbarkepo@weather.com,fTQ4L6gVt,7038275819,1
Sheelah McKibben,2006-11-04 00:00:00.000,smckibbenpp@who.int,HLrsZh,2166172117,1
Thorny Clell,2005-04-24 00:00:00.000,tclellpq@vkontakte.ru,QXQiWJSzQDs,6405640902,1
Ethan Millership,2014-01-08 00:00:00.000,emillershippr@google.com.br,Mjg9OAadxBT,4228118876,1
Jeromy Holwell,2004-03-13 00:00:00.000,jholwellps@flavors.me,AlP7mH5WSRsd,4523452314,1
Iggy McWhirter,2007-06-25 00:00:00.000,imcwhirterpt@shareasale.com,94FRpNU85,5409409848,1
Susi Saller,2008-07-07 00:00:00.000,ssallerpu@wix.com,mtEZ3m5,5505374185,1
Minnnie Hemmingway,2006-08-14 00:00:00.000,mhemmingwaypv@cbc.ca,7NR6YEiaT6Sf,9492682255,1
Ian Mattevi,2020-11-07 00:00:00.000,imattevipw@myspace.com,iYwa9R,5531245154,1
Hercules Davidovits,2008-08-18 00:00:00.000,hdavidovitspx@latimes.com,e8mRRs6vaUy6,6044445681,1
Sandy Quesne,2007-01-11 00:00:00.000,squesnepy@mapquest.com,nOpMznoak2qU,3835840600,1
Gustavus Lindenfeld,2006-08-03 00:00:00.000,glindenfeldpz@cmu.edu,eUCIMnhq4,2342314634,1
Jeanette Jacobowicz,2020-09-18 00:00:00.000,jjacobowiczq0@cyberchimps.com,XZhF4pRa,6261483418,1
Humberto Gulvin,2020-04-11 00:00:00.000,hgulvinq1@ft.com,x2IuBP6WMEEu,3172129295,1
Kyle Crocket,2020-11-26 00:00:00.000,kcrocketq2@nasa.gov,isMvevmVc2,4318974046,1
Wilmar Ravelus,2010-12-05 00:00:00.000,wravelusq3@i2i.jp,qbHaYKLFW,1779723889,1
Sharai Tomes,2007-07-18 00:00:00.000,stomesq4@nifty.com,461qJrbo8RTa,7948091768,1
Rozalin Kenset,2016-08-21 00:00:00.000,rkensetq5@wisc.edu,gZVahFrhZGl,5634275670,1
Anabella Gould,2000-10-10 00:00:00.000,agouldq6@wiley.com,Ra7UM1,2643871466,1
Nichole Joseland,2004-04-13 00:00:00.000,njoselandq7@google.pl,DY0pB8geiK,6684569368,1
Onfroi Van Halle,2013-02-03 00:00:00.000,ovanq8@chron.com,eJgb3wmr,9758882438,1
Swen Laxson,2006-08-05 00:00:00.000,slaxsonq9@ycombinator.com,ci9jst,6699946804,1
Jobi Trotter,2009-10-24 00:00:00.000,jtrotterqa@mapquest.com,GPWvvr,4875386368,1
Heloise Hesse,2012-02-04 00:00:00.000,hhesseqb@opera.com,w9O1EJXgYAX,3098040237,1
Gabbie Batisse,2020-09-27 00:00:00.000,gbatisseqc@pcworld.com,l20fOgi,3615517879,1
Toni Jordon,2013-02-14 00:00:00.000,tjordonqd@oracle.com,853I0neGL0o,9141672484,1
Tadio Ogborne,2006-05-18 00:00:00.000,togborneqe@cnbc.com,vEXDRAHoT,2972721237,1
Ignace Grinnov,2012-05-21 00:00:00.000,igrinnovqf@example.com,62tMn5sr,7964605381,1
Anatol Daber,2005-08-08 00:00:00.000,adaberqg@nydailynews.com,PDb8Re7GtRu,6747139861,1
Jeddy Sandercock,2010-12-27 00:00:00.000,jsandercockqh@tumblr.com,aYjs7j,2982748035,1
Baudoin Duigan,2012-02-01 00:00:00.000,bduiganqi@domainmarket.com,XT9Ny6ReWVPV,7113093299,1
Madison Trevascus,2014-04-29 00:00:00.000,mtrevascusqj@shareasale.com,NAWbbNwd,2944928136,1
Nettie McChesney,2019-04-26 00:00:00.000,nmcchesneyqk@dyndns.org,7HyyXX,3662833335,1
Rosana Humphrey,2019-12-14 00:00:00.000,rhumphreyql@rambler.ru,8ifCXDNgcfDq,5777930707,1
Maude Bertot,2007-07-19 00:00:00.000,mbertotqm@google.pl,4w1veu7XXF3U,3334670251,1
Pyotr Smale,2008-01-21 00:00:00.000,psmaleqn@youtube.com,jFJ01uEajOxM,6121778389,1
Aloysia Brettel,2018-07-10 00:00:00.000,abrettelqo@netscape.com,wT5ODkyd,3845457363,1
Margot Absalom,2015-05-22 00:00:00.000,mabsalomqp@google.com.br,aSe0Ripvi,9059518792,1
Batholomew Romme,2018-07-29 00:00:00.000,brommeqq@nydailynews.com,W0YJEppD,2122741179,1
Udall Trowsdale,2020-10-14 00:00:00.000,utrowsdaleqr@zimbio.com,GzrWaXkp25U,2862988432,1
Blancha Leeder,2021-08-05 00:00:00.000,bleederqs@sohu.com,FqWhVazq,4083898262,0
Dave Antoszewski,2008-03-21 00:00:00.000,dantoszewskiqt@independent.co.uk,YHnRpHhXJqv,4587403989,1
Karl Wallsworth,2012-02-20 00:00:00.000,kwallsworthqu@dot.gov,zQZgNy,7579711431,1
Brigida Pfeffer,2020-01-28 00:00:00.000,bpfefferqv@tinyurl.com,q0E4o6,1364053037,1
Buddie Tacey,2000-10-16 00:00:00.000,btaceyqw@wired.com,fNNDFFqi7u,5902932558,1
Patty Caslake,2016-08-15 00:00:00.000,pcaslakeqx@rakuten.co.jp,j3WtEBKW8,4739632717,1
Bertie Scoffham,2018-03-07 00:00:00.000,bscoffhamqy@ucla.edu,TvE92vfSk9FN,3135597693,1
Artus Whanstall,2005-01-31 00:00:00.000,awhanstallqz@vinaora.com,tc8AyY,2989623463,1
Barbie Dole,2005-05-24 00:00:00.000,bdoler0@oaic.gov.au,cVqllLziDOf,8725368325,1
Clayborne Durrett,2016-02-29 00:00:00.000,cdurrettr1@theguardian.com,8lkmIQ,2282687678,1
Terri-jo Eastgate,2014-04-14 00:00:00.000,teastgater2@ovh.net,b2PuVKfRb7,4685305027,1
Rhett Southworth,2006-05-14 00:00:00.000,rsouthworthr3@ucsd.edu,DDGJf1,4332338989,1
Davita Patek,2021-01-07 00:00:00.000,dpatekr4@uol.com.br,RGI8O01pi,9493472375,0
Carlos Hopkyns,2010-09-17 00:00:00.000,chopkynsr5@surveymonkey.com,THbeP5dF,5839847673,1
Holly Prettejohns,2012-11-06 00:00:00.000,hprettejohnsr6@plala.or.jp,D7zcZtYp1G,6368924504,1
Pebrook Fetherby,2001-08-30 00:00:00.000,pfetherbyr7@boston.com,to2fwPU,4287349679,1
Paige Michie,2019-07-29 00:00:00.000,pmichier8@nhs.uk,zG4Ly1WI,6882320931,1
Lalo Hogbourne,2006-08-29 00:00:00.000,lhogbourner9@telegraph.co.uk,qvoIbDO4k6g,5044439427,1
Benedetto Keward,2016-12-20 00:00:00.000,bkewardra@cnbc.com,H0RslJ,6075046254,1
Sam Olding,2021-01-02 00:00:00.000,soldingrb@msn.com,TfUOK17lP9,9608775322,0
Hale Baiss,2012-04-18 00:00:00.000,hbaissrc@issuu.com,a5qA6OqYhH0w,9534160602,1
Waly Piffe,2018-01-15 00:00:00.000,wpifferd@walmart.com,aee0joMoH6dl,7692258995,1
Cyrus Clausius,2011-02-09 00:00:00.000,cclausiusre@ycombinator.com,fLUqAWNSj,3058544109,1
Bernete Mushet,2020-04-20 00:00:00.000,bmushetrf@feedburner.com,HeVT3Ww,8299880812,1
Roderick Bushill,2014-04-16 00:00:00.000,rbushillrg@weebly.com,u7UJR27Kbhat,9103418029,1
Marie Scaplehorn,2021-03-02 00:00:00.000,mscaplehornrh@wikispaces.com,Lw811I4st1M,3495156283,0
Francois Robardet,2015-09-08 00:00:00.000,frobardetri@amazon.co.jp,fagjTAJN2Mv,3662536528,1
Bil d' Eye,2002-03-16 00:00:00.000,bdrj@walmart.com,1jOYf5XoOxBZ,8095144579,1
Craggy Baffin,2008-01-09 00:00:00.000,cbaffinrk@indiatimes.com,kqcqKT9KCXcB,2494709547,1
Win Gusticke,2015-04-22 00:00:00.000,wgustickerl@dion.ne.jp,CZ2xy3y02gu,3256139118,1
Allx Sporner,2001-04-21 00:00:00.000,aspornerrm@is.gd,VtbFqN,1196782803,1
Eadith Attenborough,2011-10-13 00:00:00.000,eattenboroughrn@wikispaces.com,tYUGSN4,1304247309,1
Joe Bransom,2021-07-02 00:00:00.000,jbransomro@kickstarter.com,JttiI9S6,4618556374,0
Noll Filimore,2001-09-23 00:00:00.000,nfilimorerp@lulu.com,4TGikuTV,4445752697,1
Nancy Bottrill,2011-05-08 00:00:00.000,nbottrillrq@cbsnews.com,kR0C2r,5239144842,1
Berni Levison,2016-11-08 00:00:00.000,blevisonrr@example.com,goMunD0,4145051782,1
